:020000040800F2
:10000000308F0020E1010008058300087B7500089F
:100010000183000821380008B98B000800000000A7
:10002000000000000000000000000000490100087E
:100030009F380008000000008D0100084D84000872
:10004000FB010008FB010008FB010008FB010008A0
:10005000FB010008FB010008FB010008FB01000890
:10006000FB010008CD3B0008D73B000871380008B1
:10007000FB010008FB010008FB010008FB01000870
:10008000FB010008FB010008FB010008FB01000860
:10009000FB010008FB010008FB010008E13B000830
:1000A000FB010008FB010008FB010008FB01000840
:1000B000FB010008FB010008FB010008FB01000830
:1000C000FB010008FB010008FB010008FB01000820
:1000D000FB010008FB010008A98B0008FB010008D8
:1000E000C13B0008FB010008FB010008FB01000800
:1000F000FB010008FB010008FB010008FB010008F0
:10010000FB010008FB010008FB010008FB010008DF
:1001100015880008FB01000805850008FB010008A0
:10012000FB010008FB010008FB010008FB010008BF
:10013000DFF810D000F00AFC0048004741990008A1
:10014000AFF30080308F0020224B19680868B0E8B8
:10015000F00F80F30988BFF36F8F4FF0000080F33A
:1001600011884EF00D0E7047000000000648006830
:10017000006880F3088862B661B6BFF34F8FBFF3A3
:100180006F8F00DF00BF00BF08ED00E0EFF30980D4
:10019000BFF36F8F0F4B1A6820E9F00F106008B59E
:1001A0004FF0500080F31188BFF34F8FBFF36F8F74
:1001B0000BF0E0FC4FF0000080F31188BDE8084030
:1001C00019680868B0E8F00F80F30988BFF36F8FF3
:1001D000704700BFB0000020EFF3058070470000BB
:1001E0000648804706480047FEE7FEE7FEE7FEE7D1
:1001F000FEE7FEE7FEE7FEE7FEE7FEE70385000811
:10020000310100082DE9F05F0546002092469B462B
:1002100088460646814640241BE02846414647461C
:10022000224600F020F853465A46C01A914110D396
:1002300011461846224600F07FF92D1A67EB010897
:100240004F4622460120002100F076F917EB000905
:100250004E41201EA4F10104DFDC484631462A4607
:100260004346BDE8F09F202A04DB203A21FA02F041
:100270000021704721FA02F3D040C2F120029140E0
:1002800008431946704740EA01039B0703D009E081
:1002900008C9121F08C0042AFAD203E011F8013B72
:1002A00000F8013B521EF9D27047D2B201E000F8CB
:1002B000012B491EFBD270470022F6E710B513460A
:1002C0000A4604461946FFF7F0FF204610BD421CBF
:1002D00010F8011B0029FBD1801A7047F0B480EAA6
:1002E0000102D40F4200B2EB410F02D2024608468F
:1002F00011464A0042D0C30DDDB2C1F3C752AD1A58
:10030000202D35DAC1F3160141F4000204B1524246
:10031000C5F1200602FA06F12A411044B3EBD05F82
:1003200023D0C4B1012DA0EBC35009DCF0BC4FF0C9
:10033000004202EAC352DBB200F5000000F014B93B
:10034000400000F1807000EBC350A0F1807040EAE3
:10035000D170490009E0490841EAC071A0EBC350DF
:1003600000F50000400800EBC350F0BC00F0F3B80B
:100370006142012202EB4101001BF6E7F0BC70472D
:1003800081F00041AAE780F00040A7E780EA01027F
:1003900010B502F00043400022D04A001FD0010EE9
:1003A00001EB1261C0F35600C2F3560240F40000A4
:1003B00042F40002A0FB022000047F39140400D0A4
:1003C000401C50EA124001D44000491EC2B20C0643
:1003D00004EBD010401C4008802A02D003E000202B
:1003E00010BD20F00100002900DA0020184310BDE4
:1003F00030B480EA010202F0004530F0004221F002
:10040000004013D090B1C30DD40DC2F31601C0F358
:100410001600E41A41F4000140F400027D349142D8
:1004200001D3641C00E04900002C02DA30BC00203B
:1004300070474FF400000023914201D3891A03430F
:1004400040084FEA4101F7D151B1914202D14FF03A
:10045000004105E002D24FF0010101E06FF001011F
:1004600003EBC450284430BC00F075B8C10F80EADB
:10047000E0700844CA079623002100F075B896235F
:100480000022114600F070B800F0004220F0004059
:10049000C10DC0F3160040F400007F2901DA0020EE
:1004A0007047962903DCC1F19601C84001E09639F6
:1004B0008840002AF4D04042704720F00040C10D2F
:1004C000C0F3160040F400007F2901DA00207047D5
:1004D000962903DCC1F19601C840704796398840DF
:1004E00070470000002801DBC0F10040002901DB5B
:1004F000C1F1004181427047002801DBC0F100409A
:10050000002901DBC1F100418842704730B50B463C
:10051000014600202022012409E021FA02F59D4233
:1005200005D303FA02F5491B04FA02F52844151E07
:10053000A2F10102F1DC30BD202A04DB203A00FAEE
:1005400002F1002070479140C2F1200320FA03F32A
:100550001943904070470029A8BF7047401C4900CC
:1005600008BF20F00100704710B4B0FA80FC00FA18
:100570000CF050EA010404BF10BC704749B1CCF143
:10058000200421FA04F411FA0CF118BF01212143CF
:100590000843A3EB0C01CB1D4FEA00614FEA10208A
:1005A00042BF002010BC704700EBC350104400292C
:1005B000A4BF10BC7047401C490008BF20F00100D8
:1005C00010BC7047420005D0C0F3C752524291425E
:1005D00001DC0020704700EBC15070472DE9FE4F51
:1005E000804681EA0300C00F0C46009021F00041D4
:1005F00023F00045B8EB0200A94105D24046214650
:1006000090461C460B46024623F00040104347D05C
:10061000270DC7F30A00C3F30A510290401A019054
:1006200040286BDAC3F3130040F4801B0098924615
:1006300020B10023D2EB030A63EB0B0B0198594660
:10064000C0F140025046FFF777FF06460D46504680
:100650005946019A00F08CF910EB08006141002422
:1006600087EA115284EAE7731A4340D0009A62B3D2
:10067000019A012A4FEA075215DC001B61EB0201C7
:100680004FF0004202EA0752CDE90042001C41F55A
:10069000801132462B4600F08CF903B0BDE8F08F94
:1006A00040462146F9E7001B61EB0201001C41F5C1
:1006B000801300185B412018A2F5001747EB0301D7
:1006C00040EAD570B6196D4111E06D084FEA360663
:1006D00045EAC0754FEA0752001B61EB0201001C9E
:1006E00041F5801149084FEA300000195141324666
:1006F0002B4603B0BDE8F04F00F04CB90098012242
:1007000040000023D0EB020263EBE0730098214627
:100710004FEAE074B8EB000061EB0401E9E783F015
:1007200000435BE781F0004158E72DE9FE4F81EA85
:10073000030404F0004421F0004100944FF0000B4A
:1007400023F0004350EA01045ED052EA03045BD078
:10075000C3F30A54C1F30A552C44A4F2F3340194B0
:10076000A0FB0254C1F3130141F48011C3F313033E
:1007700043F4801301FB024400FB034E840A970AF2
:1007800044EA815447EA8357A4FB076802958D0A1F
:1007900005FB07854FEA932C04FB0C542705029DAB
:1007A0004FEA065847EA1637B5EB08056EEB070C1B
:1007B000870E920E47EA811742EA8312A7FB0201D5
:1007C000B6EB0B0164EB00042B0D43EA0C335E180F
:1007D00044EB1C50DA465146E7FB0201C5F3130413
:1007E0004FEA0B3343EA14534FEA0432019C43EAC5
:1007F0000603A4F10C040294009CCDE900B400F0BF
:10080000D8F803B0BDE8F08F00200146F9E72DE9E4
:10081000F04D81EA030404F0004B21F0004514463A
:100820004FF0000A23F0004150EA050220D054EABC
:1008300001021DD0C5F30A570246C5F31303C1F3E5
:100840001300C1F30A5640F4801543F48013A7EB5C
:100850000608101BD64608F2FD3873EB050002D3DC
:1008600008F1010801E092185B41B8F1000F03DACA
:1008700000200146BDE8F08D00204FF480110646AF
:1008800084460EE0171B73EB050705D3121B63EBC1
:10089000050306434CEA010C49084FEA3000921860
:1008A0005B4150EA0107EDD152EA030012D082EA1F
:1008B000040083EA0501084305D0101BAB4106D2B2
:1008C0000122002306E000224FF0004302E06FF017
:1008D000010253101AEB06004CEB085110EB0A0012
:1008E00041EB0B01BDE8F04D00F054B8C1F30A52E2
:1008F000C1F3130140F2FF3341F480119A4202DA4E
:1009000000200146704740F233439A42A2F233423C
:1009100002DC5242FFF7A7BCFFF70EBE30B5041E43
:1009200071F1000404DB4FF00044404264EB01012C
:10093000141E73F1000405DB1C464FF000435242C5
:1009400063EB0403994208BF904230BD064C074D4B
:1009500006E0E06840F0010394E80700984710348F
:10096000AC42F6D3FFF7E8FBC8E70008E8E7000869
:10097000202A06DBCB17203A41FA02F043EAE07363
:1009800006E041FA02F3D040C2F120029140084350
:100990001946704710B5141E73F1000408DA401CA4
:1009A00041F1000192185B411A4301D120F001008E
:1009B00010BD2DE9F04D92469B4611B1B1FA81F27E
:1009C00002E0B0FA80F220329046FFF7B5FD04460F
:1009D0000F4640EA0A0041EA0B0153465A460843D3
:1009E00013D0114653EA010019D0C8F14002504615
:1009F000FFF739FC05460E46504659464246FFF77A
:100A00009BFD084305D0012004E020463946BDE89F
:100A1000F08D0020054346EAE0762C4337430A98E0
:100A20006305E40AA0EB08000022FD0A44EA4754EB
:100A30000A3002D500200146E9E701051019694195
:100A4000DDE9084500196941BDE8F04DA2E730B580
:100A50008C1810F8012B12F00F0301D110F8013B94
:100A6000120906D110F8012B03E010F8015B01F820
:100A7000015B5B1EF9D101E001F8013B521EFBD185
:100A8000A142E6D3002030BD70B5044600252068A1
:100A9000806800F0010018B32068806820F0010031
:100AA0002168886003F056FF054613E003F052FF0B
:100AB000401B02280ED92068806800F0010048B170
:100AC000A06A40F01000A062E06A40F00100E0621D
:100AD000012070BD2068806800F001000028E5D189
:100AE0000020F6E770B505466C6AA06A00F0500079
:100AF000E0B9A06A40F40070A0622068806800F449
:100B00006020B0F5602F0DD1207B58B9A06A20F489
:100B10008070A062A06A00F4805018B9A06A40F00A
:100B20000100A062204603F0A1F903E0206A016BF6
:100B30002846884770BD70B505466C6AA06A40F0CB
:100B40004000A062E06A40F00400E062204603F04A
:100B50008FF970BD70B50446656A284603F087F9C1
:100B600070BD000038B504460025002000902068C4
:100B7000806800F0010078BB2068806840F00100C8
:100B800021688860194800681949B0FBF1F00090AD
:100B900002E00098401E009000980028F9D103F070
:100BA000D9FE054619E003F0D5FE401B022814D9F2
:100BB0002068806800F0010078B9A06A40F0100059
:100BC000A062E06A40F00100E06200BF002084F80B
:100BD000240000BF012038BD05E02068806800F0D7
:100BE00001000028DFD00020F5E700000C00002005
:100BF00040420F000EB500BF01A802F051FE60B1E7
:100C0000BDF80A000090BDF80830BDF80620BDF818
:100C1000041007A002F006FE05E040F2AB1212A19C
:100C200016A002F0FFFD4FF47A700AF071FDE3E7C1
:100C300041444320494E3428504134293D257520F4
:100C4000494E3828504230293D257520494E3928D3
:100C5000504231293D257520494E313028504330CE
:100C6000293D25750D0A0000557365725C41707051
:100C70005C4170705F6D61696E2E63005B25733A35
:100C800025645D4144432072656164206661696C3E
:100C900065640D0A00000000F8B506460C461A48C7
:100CA000007800B9F8BDACB91848007838BB00F03E
:100CB000A7F80BF04BFD0546002003462A4601210C
:100CC0000090134800680CF0D1F801281AD000F009
:100CD000BFF817E0022C01D1012000E000200B49F1
:100CE000087000200346024603210090084800686F
:100CF0000CF0BCF80548007810B100F081F801E074
:100D000000F0A6F800BFCDE7140000201500002079
:100D10001000002008B51148007808B1012008BD76
:100D200041F294100E490968486300F091F80D48AB
:100D300000231A46322100900BA00CF051F80C4908
:100D400008600846006808B90020E8E70020094963
:100D5000087001200149087000BFE0E7140000207E
:100D6000A4020020ED0D000842757A7A6572000039
:100D7000100000201500002038B504464FF0000098
:100D8000009000BFEFF3058098B16B46224600212A
:100D90000B480CF0DDF8012811D100BF009838B1E4
:100DA0004FF0805007490860BFF34F8FBFF36F8F3C
:100DB00005E000232246194601480CF0A1F838BD91
:100DC000990C000804ED00E010B5044606480078D0
:100DD00000B910BD0CB1022100E001210846FFF767
:100DE000CBFF00BFF5E700001400002010B504465B
:100DF0000248007808B900F02BF810BD150000205B
:100E000010B541F294100449096848630021024872
:100E100006F002F810BD0000A402002010B50B4837
:100E2000007800B910BDFFF7EBFF502003F0B8FBCE
:100E300000F00EF8282003F0B3FBFFF7E1FF50208D
:100E400003F0AEFB00F004F800BFEBE71400002055
:100E500010B50021014806F059F810BDA402002089
:100E600070B504462046FFF732FA85B2C8232A46F9
:100E70002146024806F021FB70BD00000C04002052
:100E800010B5044600212046FFF72CFB02D284F067
:100E9000004010BD2046FCE72DE9F0410646002148
:100EA0003046FFF71FFB03D800F0E4FABDE8F081FD
:100EB00001220221184803F047FD18480068C06A63
:100EC000441C2046FFF7DBFA80463146FFF75EFA06
:100ED0000746FFF7F2FA0546A54200D3651E0F4804
:100EE000006845630E48007888B900210B4805F07A
:100EF00093FF48B100200949096848630022022194
:100F0000054803F021FDD1E7012005490870054897
:100F1000866000BFCAE7000000080140EC02002024
:100F200064000020D009002070B504460025681E2A
:100F300001F0B8FE88B10A48007D01280BD10848AD
:100F4000806A40B90648B0F90400002803DD204655
:100F5000FFF7A2FF012501F027FF284670BD000022
:100F6000E40400202DE9FF5F4FF00008C146002790
:100F700000204D4908604D4908604D4908604D49C1
:100F80000870824628E002A802F08AFCE8B1BDF8A9
:100F90000A0000F0F9F9C0B1BDF80C0000F0F4F956
:100FA00098B1BDF80A0000F0B3F983464146FFF757
:100FB00095F98046BDF80C0000F0AAF98346494631
:100FC000FFF78CF98146781CC7B264200AF0A0FBB9
:100FD0000AF1010000F0FF0ABAF10A0FD3D3032F80
:100FE00004D235A002F01EFCBDE8FF9F3846FFF793
:100FF00046FA834659464046FFF7FAF90446384612
:10100000FFF73DFA834659464846FFF7F1F9054692
:1010100029462046FFF7B4F90190FFF731FF8346D8
:101020004FF08241FFF768FA0DD22846FFF72CFAFD
:1010300083462046FFF728FA5A460146019027A02A
:1010400002F0F0FBD0E729462046FFF747F9834638
:101050004FF07C51FFF79AF9064621463046FFF7DC
:101060008FF91249086029463046FFF789F910497F
:1010700008600D48066001200E4908700C480068A1
:10108000FFF702FA834609480068FFF7FDF901906F
:101090003046FFF7F9F95B46009001461CA0019A23
:1010A00002F0C0FB00BF9FE7680000206C0000203A
:1010B00070000020740000204845415420636F6C8C
:1010C000642063616C6962726174696F6E20756E11
:1010D000617661696C61626C650D0A004845415436
:1010E00020636F6C642063616C6962726174696F04
:1010F0006E20736B697070656420626F6172643A10
:101100002564206C69717569643A25640D0A0000D4
:101110004845415420636F6C642063616C6962725E
:101120006174696F6E206F6B207265663A2564206A
:10113000626F6172644F66733A2564206C697175E1
:1011400069644F66733A25640D0A000070B5044661
:101150000D480078A8B10D4801682046FFF7CCF98A
:101160000FD20A4801682046FFF70AF906460849E7
:10117000FFF70CF90546054801682846FFF7AEF869
:1011800070BD2046FCE700007400002068000020CD
:101190006666E63F1CB50848022100234FF4C07282
:1011A000CDE9001005A107480BF0AEF9012800D1E8
:1011B0001CBD0020FCE70000600000204865617451
:1011C00065720000AD14000870B505460C4600F0CD
:1011D00051F9284601F07CFD0120FFF7F5FD084894
:1011E000007848B9012006490870234640F22712CA
:1011F00004A10AA002F016FB01F030FE70BD000051
:1012000065000020557365725C4170705C417070C0
:101210005F6865617465722E630000005B25733A38
:1012200025645D25730D0A0038B504460020009042
:10123000082C13D10A48006880B16A46002108488A
:1012400000680AF093FA00BF009830B160060549C3
:101250000860BFF34F8FBFF36F8F00BF38BD000032
:101260006000002004ED00E010B500F003F900F08C
:10127000F9F800200C4908700C4908600C49086016
:101280000C4908600C490870002204210B4803F047
:101290005BFB022003F084F901220421074803F0DC
:1012A00053FB012010BD00006500002068000020F5
:1012B0006C0000207000002074000020001001402D
:1012C0002DE9F04106460C460E492046FFF714F979
:1012D00002D80020BDE8F0810B492046FFF70CF949
:1012E0000DD221460748FFF74BF807460749FFF79D
:1012F0007FF8054629463046FFF748F8064630464F
:10130000E8E700000000BE42000096420000A04155
:101310002DE9F04704462046FFF7B1F8814615490C
:10132000FFF731F807462046FFF7A9F88146124932
:10133000FFF72CF880463946FFF75AF805460E4964
:101340002846FFF755F8814608F032FA80460B49E7
:10135000FFF74EF807460A49FEF7C0FF064631463A
:101360004FF07E50FFF744F807460649FFF708F8AC
:10137000BDE8F08700F07F4500401C4600B09A456C
:101380000FCF5B3B339388430146052905D940F6CF
:10139000FA70814201D2012070470020FCE7000072
:1013A0002DE9FC5F074688464FF07C5A4146384697
:1013B000FEF7E6FF044600212046FFF793F804D825
:1013C00000F050F80020BDE8FC9F4FF07C51204613
:1013D000FEF7DCFF81461E4801684846FEF77EFFA7
:1013E0001B49086008681B49FFF786F802D21948B4
:1013F00017490860164841682046FEF7C1FF81463C
:101400004FF07C51FEF7F4FF054629460020FEF719
:10141000BDFF01900E4801680F48FEF7B7FF8346F5
:1014200021460E48FEF7B2FF59460090FEF756FFE0
:1014300081460199FEF752FF064605484460084977
:101440003046FFF759F800D2054E3046BBE70000A2
:10145000D0090020000096436F12033B8FC2F53C79
:101460009A99193F002002490860486088607047D7
:10147000D009002010B50020084909684863002100
:10148000064805F043FD00220221054803F05CFAFE
:101490000020044908700449886010BDEC02002057
:1014A0000008014064000020D009002088B000241A
:1014B000FFF758FD0BF04AF9074600BF4FF4FA72E8
:1014C0000121002009F0DAFE0821654803F034FA12
:1014D00020B964A11020FFF777FEEFE706A802F01D
:1014E000DFF940B9601CC4B2032C03D363A12020F0
:1014F000FFF76AFEE2E70024BDF81A00FFF744FF99
:1015000020B1BDF81C00FFF73FFF20B961A1042006
:10151000FFF75AFED2E7BDF81A00FFF7F9FE814641
:10152000BDF81C00FFF7F4FE82466148016848469A
:10153000FEF7D4FE81465F4801685046FEF7CEFEB6
:1015400082464846FFF702FE81464FF0FF3001F029
:10155000A9FBB8B14FF07C514846FEF7BFFE80466C
:10156000FEF792FF00B2544948804FF07C5150463C
:10157000FEF7B4FE8046FEF787FF00B24E490880B2
:1015800001F012FC01F06AFC4C494846FEF7B4FF3A
:1015900004D94B495046FEF7AFFF04D849A10820B3
:1015A000FFF712FE8AE700250026681E01F07AFB8D
:1015B00048B14148057D0146B1F90400FEF756FFE8
:1015C000064601F0F1FB01F049FC012D17D1002185
:1015D0003046FEF791FF12D251463046FFF7E0FE4B
:1015E000059049460598FFF76BFE05900598FFF7B3
:1015F0009BFC40B9FFF736FFFFF73CFF03E0FFF726
:1016000031FFFFF737FF0BF0A1F8C01BB0F5FA6F01
:1016100024D30BF09BF80746304988683049FEF721
:10162000B5FE0290FEF749FF80464846FEF72CFFC4
:1016300083465046FEF728FF04903046FEF724FF0D
:101640000390BDF81A00BDF81C105B46CDE900817F
:10165000029024A0DDE9031202F0E4F82EE7000076
:10166000001001404865617465722068617264779A
:10167000617265206661756C740000004865617474
:1016800065722041444320756E617661696C6162C8
:101690006C650000486561746572204E5443206F8C
:1016A00070656E206F722073686F727400000000A6
:1016B0006C00002070000020E40400200000DC42E8
:1016C00000000243486561746572206F766572742C
:1016D000656D70657261747572650000D0090020D7
:1016E0000000C84248454154207461726765743AED
:1016F0002564206C69717569643A256420626F61A4
:1017000072643A256420647574793A25752525201C
:101710007261773A25752F25750D0A001CB50A48A8
:10172000006808B101201CBD074802210023CA013E
:10173000CDE9001005A106480AF0E6FE012800D117
:10174000F1E70020EFE7000078000020494D550048
:10175000A11A000838B50446002000900C48006823
:10176000A8B1102C01D0202C11D16A4600210848C4
:10177000006809F0FBFF00BF009838B14FF08050BF
:1017800004490860BFF34F8FBFF36F8F00BF38BDB0
:101790007800002004ED00E008B501F0AFFF30B99B
:1017A000F12221A125A002F03DF8002008BD6946E4
:1017B0000F2000F02AF930B9F7221BA128A002F06F
:1017C00031F80020F2E79DF80030FA2216A12EA091
:1017D00002F028F89DF800006A2806D0FD2212A128
:1017E00032A002F01FF80020E0E74421122000F0B0
:1017F000F7F948B14021102000F0F2F920B10121A1
:101800000D2000F0EDF938B940F2051206A130A024
:1018100002F008F80020C9E74FF4847202A138A052
:1018200002F000F80120C1E7557365725C417070E9
:101830005C4170705F696D752E6300005B25733AC3
:1018400025645D4C534D3644534D2053504932204E
:10185000696E6974206661696C65640D0A00000038
:101860005B25733A25645D4C534D3644534D2057E8
:10187000484F5F414D5F4920726561642066616930
:101880006C65640D0A0000005B25733A25645D4CAD
:10189000534D3644534D2057484F5F414D5F4920CB
:1018A0003D203078253032580D0A00005B25733A10
:1018B00025645D4C534D3644534D2057484F5F418E
:1018C0004D5F49206D69736D617463680D0A000096
:1018D0005B25733A25645D4C534D3644534D20616E
:1018E0006363656C65726F6D6574657220636F6E9E
:1018F000666967206661696C65640D0A0000000016
:101900005B25733A25645D4C534D3644534D20722C
:10191000656164790D0A000030B5014609B90020FF
:1019200030BDB1F90000002801DB054600E045426A
:101930002A46B1F90200002801DB054600E04542D5
:101940002B46B1F90400002801DB054600E04542C2
:101950002C4643F23330844207DB42F26660824217
:1019600003DC834201DC0120DAE70020D8E730B550
:10197000014609B9002030BDB1F90000002801DBA3
:10198000054600E045422A46B1F90200002801DB85
:10199000054600E045422B46B1F90400002801DB72
:1019A000054600E045422C4642F6CC40844203DB2B
:1019B000824201DC834201DD0120DCE70020DAE71E
:1019C0001CB504462CB106226946282000F038F8E0
:1019D00008B900201CBD9DF800009DF8011040EAE8
:1019E000012000B220809DF802009DF8031040EA1B
:1019F000012000B260809DF804009DF8051040EAC7
:101A0000012000B2A0800120E4E77CB505460C4629
:101A10000CB900207CBD45F080008DF80400FF204B
:101A20008DF8050064230222694601A801F0DCFE5E
:101A300008B10020EEE79DF8010020700120E9E7E1
:101A4000F0B593B007460E46154616B10DB1202DE0
:101A500002D9002013B0F0BD47F080008DF82800B7
:101A6000012404E0FF200AA90855601C84B2AC429E
:101A7000F8DD681C82B2642301A90AA801F0B4FE53
:101A800008B10020E6E7002405E001A9601C085C1D
:101A90003055601C84B2AC42F7DB0120DAE700006D
:101AA0001CB500BF14220121002009F0E7FB6846A5
:101AB000FFF786FF00B9F5E72A4800990160BDF8F5
:101AC000041081800120284908706846FFF74FFF05
:101AD0000446002C1FD000202449087024480078B8
:101AE000052804D222480078401C2149087021486A
:101AF0000078002835D11E480078052831D3012010
:101B00001C4908707F221CA120A001F08BFE02203E
:101B100001F060F825E00020154908706846FFF7DD
:101B2000FBFED8B111480078142804D20F48007881
:101B3000401C0E4908700F48007890B10B4800789F
:101B400014280ED300200B4908708F220AA119A077
:101B500001F068FE022001F011F802E000200349C4
:101B600008709FE77C000020820000208500002094
:101B70008400002083000020557365725C41707002
:101B80005C4170705F696D752E6300005B25733A70
:101B900025645D494D552074696C742064657465D5
:101BA000637465642C20656E746572206661756C63
:101BB000740D0A005B25733A25645D494D55207408
:101BC000696C7420636C65617265642C2072657445
:101BD00075726E20746F2069646C650D0A000000D8
:101BE00038B504460D4604F07F008DF800008DF8EE
:101BF000015064220221684601F0CAFD08B90120A3
:101C000038BD0020FCE7000070B505464FF0FF30FE
:101C100001F048F800B970BD2A48007880B92A4818
:101C2000B0F904004419002C01DA002404E0B4F5F2
:101C3000004F01DB47F6FF7420B2234988803AE069
:101C400020480078012810D11F48B0F90800441935
:101C5000002C01DA002404E0B4F5004F01DB47F664
:101C6000FF7420B21849088125E016480078022840
:101C700021D1002D0EDA6E4213480069B04205D919
:101C800011480069801B1049086114E000200E49CA
:101C9000086110E02E460C480069C6F1FF31884209
:101CA00005D80948006930440749086103E04FF04E
:101CB000FF300549086101F077F800F0B7FE00BF7A
:101CC000A9E7000019000020E404002010B54FF03F
:101CD000FF3000F0E7FF00B910BD0B48007D02287F
:101CE0000DD00A4800780949487008460078401C21
:101CF0000321B0FBF1F201FB12000449087001F06E
:101D000053F800BFE8E70000E404002019000020B9
:101D100010B50024601E00F0C5FF00B910BD0948D1
:101D2000007D022804D0002006494862C8600124D2
:101D300001F03AF814B1002000F0F6FF00F076FE52
:101D400000BFEBE7E404002010B5044614B120788E
:101D5000042800DB10BD204600F044F8207830B1A4
:101D600001280AD0022818D0032834D127E060784F
:101D7000012801D1FFF7AAFF2EE06078012802D1E7
:101D8000FFF742FF08E06078022802D0607803285D
:101D900002D10520FFF738FF1EE06078012803D14B
:101DA000801EFFF731FF09E06078022802D06078DA
:101DB000032803D16FF00400FFF726FF0CE06078E2
:101DC000012802D100F05AF804E06078022801D11D
:101DD000FFF79EFF00E000BF00BF01F03FF800BF2B
:101DE000B8E7000010B5044614B16078032800D1AC
:101DF00010BD6078012807D12078431C182208A163
:101E00000CA001F00FFD09E06078022806D12078CF
:101E1000431C1C2202A10DA001F004FD00BFE7E756
:101E2000557365725C4170705C4170705F6B657971
:101E30002E6300005B25733A25645D4B455925757B
:101E40002073686F72740D0A000000005B25733AFE
:101E500025645D4B45592575206C6F6E670D0A0032
:101E600008B500BF684601F00DFE10B16846FFF7E7
:101E70006BFF0A2009F04CFCF4E7000010B50224C7
:101E8000E01E00F00FFF00B910BD1348007D0228CE
:101E900018D01148007D012801D1002412E00E481D
:101EA000006978B101240C48C06828B10A48406A2A
:101EB00009490969884205D3002007494862084654
:101EC0000069C86000F070FF022C02D0204600F0CC
:101ED0002BFF00BFD8E70000E404002010B53C2130
:101EE000094804F05BFD08B1002010BD0020064940
:101EF00009684862054908600549087000F00AF859
:101F000000F020F80120F0E7340300204800002012
:101F10005C00002000200649086048600549086010
:101F200005490870054908600549086070470000C8
:101F3000400000204C0000205000002054000020F1
:101F40005800002010B5002009490968C86308211D
:101F5000074804F0DBFF00224FF40071054802F04F
:101F6000F3FC0020044908700449086010BD00001B
:101F70007C030020000C01405C0000205800002081
:101F800070B504460D4634B12246294603A001F03F
:101F900049FC002070BD0120FCE700005353443190
:101FA000333135202573206661696C65643A2025DC
:101FB000750D0A000FB400B5A9B02BA80090A021A0
:101FC00001A8009B2A9A06F013FE0020009001A9A8
:101FD00002A001F027FC29B05DF814FB2573000076
:101FE0002DE9F04104460AF0A1FB02280ED14FF47E
:101FF0007A70A4FB006001464FF47A7200233046E9
:10200000FEF700F9054609F083FB02E0204602F0E6
:10201000C7FABDE8F08100207047002070470246F3
:1020200000207047014600207047024622B1107818
:10203000884201D13E2070472020FCE700207047F5
:1020400010B501F0DDF908B9012010BD0020FCE752
:102050002DE9F04107460E4615461C460DB1802C71
:1020600002D90120BDE8F0810948067022462946C0
:10207000401CFEF708F9601C82B26423044938460C
:1020800001F020FA08B10120ECE70020EAE70000A7
:102090004C09002010B586B08CA103C9CDE904011C
:1020A00014220321782001F0CBF918B9782089494E
:1020B00008700FE0142203217A2001F0C1F918B949
:1020C0007A208449087005E083A001F0ABFB002072
:1020D00006B010BD40F23C418648FEF7EDF8864858
:1020E0008449086085484860854888608548C8609C
:1020F0008548086185484861824888618248C8618E
:10210000834808627F4848627F4888628048C86286
:1021100080484863804808630021764808F0C3FF80
:102120006C480178734808F04BFE724808F03CFC9C
:1021300004467AA1FFF724FF08B90020C8E7002170
:102140006C4808F0B8FE044676A1FFF719FF002896
:102150007ED000220821674808F0C6FE044674A11C
:10216000FFF70EFF0028F3D03F21624808F0BCFFC4
:10217000044671A1FFF704FF0028E9D000215D4863
:1021800008F01EFF04466FA1FFF7FAFE002877D083
:102190000021584808F044FF04466CA1FFF7F0FE08
:1021A00000286DD002220121524808F011FE044699
:1021B00069A1FFF7E5FE002862D001214D4809F032
:1021C00044F8044667A1FFF7DBFE002858D0012140
:1021D000484809F021F8044664A1FFF7D1FE002821
:1021E0004ED000220121434808F015FE044661A1AB
:1021F000FFF7C6FE002843D0FF213E4808F029FE25
:1022000004465FA1FFF7BCFE002839D00F22012150
:10221000384808F0B3FF04465CA1FFF7B1FE002880
:102220002ED00321334808F02CFE04465AA1FFF7B4
:10223000A7FE68B100212F4808F01CFF044659A1F1
:10224000FFF79EFE20B102212A4808F034FF00E08B
:1022500016E0044657A1FFF793FE88B100212548F8
:1022600008F094FE044657A1FFF78AFE40B1012111
:10227000204808F020FE044656A1FFF781FE08B969
:10228000002025E71B4808F047FA044654A1FFF751
:1022900077FEA0B110200121052204ABCDE9002179
:1022A000029018222C21134808F01CFB38B9114861
:1022B00008F0A6FA04464CA1FFF762FE08B9002018
:1022C00006E74BA001F0AEFA012001E74179616E0B
:1022D000670000003800002053534431333135206B
:1022E0006E6F7420666F756E64206F6E2049324386
:1022F000310D0A0010050020412000083D20000893
:10230000512000081B200008172000081F2000088B
:1023100025200008E11F0008B51F0008696E6974D8
:1023200000000000646973706C6179206F6666005C
:10233000636C6F636B0000006D756C7469706C6525
:10234000780000006F6666736574000073746172D4
:1023500074206C696E650000636861726765207047
:10236000756D70007365676D656E74007363616E83
:1023700000000000636F6D2070696E730000000044
:10238000636F6E7472617374000000007072656335
:102390006861726765000000646573656C656374ED
:1023A00000000000656E7469726520646973706C6A
:1023B0006179000061646472657373206D6F646598
:1023C00000000000646973706C6179206D6F646552
:1023D00000000000646973706C6179206F6E00000A
:1023E000636C656172000000757064617465000063
:1023F000535344313331352072656164792C206444
:102400006973706C6179204179616E672061742015
:1024100063656E7465720D0A00000000014621B10B
:10242000012904D0022906D103E004A0704705A0C9
:10243000FCE706A0FAE707A0F8E7000049444C458E
:102440000000000052554E4E494E47004641554C43
:1024500054000000554E4B4E4F574E00F0B589B01A
:1024600004460E46564890F83800012801D104B1C0
:1024700016B9002009B0F0BD4FF4806150483B30E0
:10248000FDF71AFF206A00904EA2182103A8E36905
:1024900006F094FB03A8FDF71AFF05460C21012264
:1024A000A8B203ABCDE901210090002211464448B7
:1024B00008F018FA00213046FFF7B7FD0746B4F9D7
:1024C0000200B4F90410B4F900203B46CDE9002124
:1024D000029040A2182103A806F070FB03A8FDF7A4
:1024E000F6FE05460C210122A8B203ABCDE901217D
:1024F00000900A460021324808F0F4F901213046E4
:10250000FFF793FD0746B4F90800B4F906103B46FF
:1025100034A2CDE90010182103A806F04FFB03A850
:10252000FDF7D5FE05460C210122A8B203ABCDE98B
:102530000121009018220021214808F0D3F902213E
:102540003046FFF772FD07462169606A3B4629A2C3
:10255000CDE90001182103A806F030FB03A8FDF720
:10256000B6FE05460C210122A8B203ABCDE901213C
:10257000009024220021124808F0B4F9207DFFF7D2
:102580004DFF07463B461FA2182103A806F016FB85
:1025900003A8FDF79CFE05460C210122A8B203AB5F
:1025A000CDE90121009030220021054808F09AF978
:1025B000034808F025F908B901205BE7002059E736
:1025C0001005002049443A2530386C582530386CC5
:1025D000580000002563543A25642F256420423AB0
:1025E00025640000256353504545443A25642F2552
:1025F00064000000256354494D453A256C752F252C
:102600006C757300205354415455533A25730000A0
:1026100000B587B001F07EF918B105A801F085F981
:1026200038B90B220FA114A001F0FCF8002007B06C
:1026300000BD9DF814009DF815109DF816209DF81A
:102640001830CDE90132CDE903109DF81900009052
:10265000BDF81A300F2203A10EA001F0E3F801200B
:10266000E5E70000557365725C4170705C41707005
:102670005F7274632E6300005B25733A25645D44CA
:10268000533332333120696E6974206661696C6539
:10269000640D0A005B25733A25645D44533332337D
:1026A0003120726561647920253034752D253032F2
:1026B000752D2530327520253032753A253032752A
:1026C0003A253032750D0A0000BF0024601E00F06C
:1026D000E9FAF8B11848007D012819D11648C068F8
:1026E000B0B11548C068401E1349C8600846406A2A
:1026F0000969884204D21048406A401C0E49486269
:102700000D48C06820B90C4800690B494862012493
:1027100000F04AFB44B1002000F006FB40F29112A9
:1027200006A10BA001F07EF800F098FB4FF47A7040
:1027300008F0EEFFC9E70000E4040020557365725D
:102740005C4170705C4170705F6D61696E2E6300FA
:102750005B25733A25645D52756E20636F6D706CF6
:102760006574652C2072657475726E20746F2049D3
:10277000444C450D0A00000010B5044609F0D6FF90
:1027800002280DD1C01E00F08DFA80B120880849C2
:102790008880608808816068086100F005FB06E0B9
:1027A000208803498880608808816068086110BDBE
:1027B000E404002030B502460B464FF6FF700021BE
:1027C00018E0555C80EA052000240FE000F4004585
:1027D0002DB141F2210585EA4005ADB203E04FF687
:1027E000FF7505EA40052846651CECB2082CEDD3C0
:1027F0004D1CA9B29942E4DB30BD70B505460C46CC
:10280000A81D00F03DF800B2208005F1080000F09E
:1028100037F800B2608005F10A0000F037F8606018
:1028200070BD2DE9F04105460E46144642F2040102
:10283000204600F07FF84FF48071A01C00F07AF879
:102840003146201D00F076F8288881B2A01D00F0E6
:1028500071F8688881B204F1080000F06BF804F1A7
:102860000A00696800F06AF80E212046FFF7A2FF0F
:102870000746394604F10E0000F05CF8BDE8F0812F
:10288000014608784A7840EA0220704701460878F5
:102890004A7840EA02208A7840EA0240CA7840EA50
:1028A000026070470EB505F0ABF980B901201D49F3
:1028B000087000201C490880488048601B480A4670
:1028C00006CA06C000201A49088002200EBD6946CB
:1028D00001A800F03BF880B90120124908700020DF
:1028E000114908804880486010480A4606CA06C058
:1028F00000200F4908800120E8E701A8FFF73CFF0E
:102900000948DDE9011206C00848DDE9011206C0E8
:10291000BDF80000401C06490880012001490870EC
:102920000020D3E736000020240000202C000020E7
:102930003400002001700A124270704701700A0AC8
:1029400042700A0C82700A0EC27070472DE9F04383
:1029500089B007460C46102205A9002005F05BF956
:1029600008B1012000E000200546102201A9104610
:1029700005F051F908B1012000E0002006461DB124
:1029800005A800F031F800E0002005461EB101A8BE
:1029900000F02AF800E00020064625B91EB9002004
:1029A00009B0BDE8F083ADB15EB102A8FFF768FFE2
:1029B000804606A8FFF764FF8146414600F03CF8D8
:1029C00040B1394605A8FFF718FF06A8FFF758FFE2
:1029D000208007E0394601A8FFF70FFF02A8FFF7A4
:1029E0004FFF20800120DBE770B504462046FFF74B
:1029F00047FF42F20401884201D0002070BDA01CB4
:102A0000FFF73EFFB0F5807F01D00020F6E704F12C
:102A10000E00FFF735FF05460E212046FFF7CAFEE0
:102A2000A84201D10120E9E70020E7E701200149A0
:102A300008707047370000200246501A00B2002884
:102A400001DD012070470020FCE70246B2F90000DA
:102A5000B1F9003098420BD1B2F90200B1F902305D
:102A6000984205D150684B68984201D101207047C7
:102A70000020FCE71FB5002509F068FE044600BFF2
:102A80002D480078002853D0002000F00BF90028D2
:102A90004ED02A488088ADF8080028480089ADF853
:102AA0000A0026480069039000F07EF9244902A834
:102AB000FFF7CBFF58B92248DDE9021206C0DDE975
:102AC0000201CDE9000109F041FE044601251D483F
:102AD000007850B1DDE90201CDE9000109F036FED0
:102AE000044601250020174908700DB309F02EFE99
:102AF000001B41F2883188421AD313496846FFF718
:102B0000A4FF08B1002513E010480188684600F0D2
:102B10001FF850B10C48DDE9001206C00B480088D0
:102B2000401C0A490880002502E009F00FFE044617
:102B3000642008F0EDFDA3E736000020E404002047
:102B400024000020370000202C000020340000204A
:102B50007FB505460C466A4621462846FFF761FECA
:102B600004F0010008B9002000E010200646102201
:102B70006946304605F068F804B070BD70B504468B
:102B800000250CB9002070BD00F02AF84FF0FF308E
:102B900000F088F808B90020F5E70B48806AA043E8
:102BA000094988620846806A30B9002008750749DB
:102BB000087007490870012500F0F6F815B10020EB
:102BC000FEF702F90120DEE7E404002018000020EF
:102BD0002000002010B50446204600F079F810BD12
:102BE00010B500200D490968486300210B4804F026
:102BF0008DF900200A490968C8630821084804F0D3
:102C000085F900220221074801F09EFE00224FF4C0
:102C10000071054801F098FE10BD0000EC02002094
:102C20007C03002000080140000C014010B518484A
:102C3000006808B1012010BD012009F083F8144993
:102C400008600846006808B90020F4E70020114930
:102C500008701149087048701049088048808880C1
:102C6000C8800881C860086108754862886201F000
:102C700077FE0A49886101F079FE0849C86101F0D0
:102C80007BFE064908620020054908700120D2E752
:102C90001C0000201800002019000020E40400207F
:102CA0002000002010B504460748006808B900203D
:102CB00010BD21460448006809F014FB012800D12A
:102CC000F6E70020F4E700001C0000207047000039
:102CD00010B504460CB9002010BDFFF781FF4FF07E
:102CE000FF30FFF7DFFF18B9FFF77AFF0020F3E7A7
:102CF0000A48806A20430949886202200875084909
:102D0000087001200749087000F04EF8FFF768FFCF
:102D10000120FEF759F80120DEE70000E40400205E
:102D2000180000202000002070B504460025002671
:102D30002CB1012C03D0022C01D0002070BD4FF02B
:102D4000FF30FFF7AFFF08B90020F7E7022C06D0ED
:102D50001248806A18B100F027F80020EEE710480A
:102D600004700E480475022C07D10E48007838B95B
:102D700001200C490870012502E000200949087073
:102D8000012C00D0012600F00FF80EB1FFF728FF4C
:102D90000DB1FFF79BFF0120D0E70000E404002005
:102DA000180000202000002010B50548006830B150
:102DB00000231A4619460248006809F075F810BD4C
:102DC0001C00002070B504460D46B4F90000B2F9AD
:102DD0000060B0422BD1B4F90200B2F90260B042F7
:102DE00025D1B4F90400B2F90460B0421FD1B4F99E
:102DF0000600B2F90660B04219D1B4F90800B2F980
:102E00000860B04213D1606A566AB0420FD1E068E0
:102E1000D668B0420BD120691669B04207D1207D37
:102E2000167DB04203D128781E78B04201D001202F
:102E300070BD00210DE004F1180050F8216002F18E
:102E4000180050F82100864201D00120F0E7481C0C
:102E5000C1B20329EFD30020EAE7000008B5064815
:102E6000006840B10020022302460146009002485B
:102E7000006809F065FB08BD3C00002098B02C21DB
:102E800001A8FDF719FA00200090012409F048FC80
:102E90001749086000BF64220121002008F0EEF904
:102EA0004FF0FF30FFF7FEFE0028F4D02C2211492E
:102EB0000DA8FDF7E8F9104800880C90FFF774FFA3
:102EC0003CB96B4601AA0CA90DA8FFF77BFF0028AF
:102ED000E1D00CA90DA8FFF7C1FA0028DBD02C2205
:102EE0000DA901A8FDF7CFF90C9800900024D2E7B6
:102EF0003C000020E4040020190000201CB5002440
:102F0000002500F00FFB30B9662279A17DA000F00A
:102F100089FC00BFFEE7FFF77BFB00F071FA28B9E0
:102F2000722273A181A000F07DFC0DE0FFF7B2F8E2
:102F300028B976226EA187A000F074FC04E0012479
:102F40004FF4FA6001F02CFB00F068FD28B98122F3
:102F500067A187A000F066FC00E00125FFF766FE90
:102F600030B98E2262A189A000F05CFC00BFFEE7B0
:102F7000FEF712FC28B998225DA18FA000F052FC48
:102F800007E0FEF7CBFB20B99C2259A192A000F0EC
:102F900049FCFEF7A3FF30B9A12255A196A000F08D
:102FA00041FC00BFFEE7FFF77DFC20B1012808D0FF
:102FB000022812D10BE0AA224DA196A000F032FC0B
:102FC00011E0AD224AA19BA000F02CFC0BE0B02246
:102FD00047A1A4A000F026FC05E0B32244A1ACA0C8
:102FE00000F020FC00BF00BFFDF794FE30B9B9220D
:102FF0003FA1B0A000F016FC00BFFEE7FDF70EFFFA
:10300000FEF732F930B9C72239A1B1A000F00AFCAD
:1030100000BFFEE7FEF7BEF830B9D02234A1B3A05E
:1030200000F000FC00BFFEE7002001210346C022A3
:10303000CDE90010B6A1B84809F066FA012807D01A
:1030400040F22D122AA1B5A000F0ECFB00BFFEE774
:10305000002001210346C022CDE90010B8A1BB48E1
:1030600009F052FA012807D04FF49B7220A1B8A0B2
:1030700000F0D8FB00BFFEE78CB100200121034621
:103080000A02CDE90010BCA1BC4809F03DFA0128B4
:1030900005D04FF4A07216A1B9A000F0C3FB8DB10A
:1030A0000020012103460A02CDE90010BDA1BE485F
:1030B00009F02AFA012805D04FF4A4720CA1BBA094
:1030C00000F0B0FB002001210346C022CDE9001032
:1030D000BEA1C04809F018FA012805D040F25112EB
:1030E00003A1BDA000F09EFB08F0FEFC00BFFEE7C0
:1030F000557365725C4170705C4170705F6D6169A1
:103100006E2E63005B25733A25645D49324332209D
:10311000627573206D75746578206372656174657E
:10312000206661696C65640D0A0000005B25733AD6
:1031300025645D4932433120627573206D75746575
:103140007820637265617465206661696C65640DE1
:103150000A0000005B25733A25645D4F4C4544200E
:10316000696E6974206661696C65640D0A0000000F
:103170005B25733A25645D4B657920696E6974201F
:103180006661696C65640D0A000000005B25733A96
:1031900025645D53797374656D2073746174652063
:1031A0006D75746578206372656174652066616908
:1031B0006C65640D0A0000005B25733A25645D4967
:1031C0004D55206272696E672D7570206661696C5D
:1031D00065640D0A000000005B25733A25645D49B3
:1031E0004D55207461736B20637265617465206650
:1031F00061696C65640D0A005B25733A25645D4D59
:103200006F746F7220696E6974206661696C6564A1
:103210000D0A00005B25733A25645D5573657220C5
:1032200073657474696E6773206C6F616465640D97
:103230000A0000005B25733A25645D4E6F207661BD
:103240006C696420757365722073657474696E6748
:10325000732C207573652064656661756C74730DDD
:103260000A0000005B25733A25645D557365722082
:1032700073657474696E677320454550524F4D20D5
:10328000756E617661696C61626C650D0A000000A3
:103290005B25733A25645D5573657220736574749C
:1032A000696E677320696E6974206661696C656414
:1032B0000D0A00005B25733A25645D42757A7A65D4
:1032C0007220696E6974206661696C65640D0A001C
:1032D0005B25733A25645D48656174657220696E8B
:1032E0006974206661696C65640D0A005B25733A38
:1032F00025645D486561746572207461736B206339
:103300007265617465206661696C65640D0A000010
:1033100053746F7261676500752A00085B25733A04
:1033200025645D53746F72616765207461736B20EF
:10333000637265617465206661696C65640D0A007D
:1033400052756E436F6E74726F6C0000C926000870
:103350005B25733A25645D52756E20636F6E7472DF
:103360006F6C207461736B20637265617465206695
:1033700061696C65640D0A00554900007D2E0008E6
:103380005B25733A25645D4F4C4544207461736B33
:1033900020637265617465206661696C65640D0AFD
:1033A000000000004B657900611E00085B25733A40
:1033B00025645D4B6579207461736B206372656170
:1033C0007465206661696C65640D0A00416463542C
:1033D00065737400F50B00085B25733A25645D4145
:1033E00044432074657374207461736B2063726549
:1033F000617465206661696C65640D0A00000000F7
:1034000010B50C48006808B1012010BD0A480068DA
:103410000A49884201D00020F7E7012008F092FC19
:10342000044908600846006808B10120EDE7002063
:10343000EBE700008C000020A401002000540040B5
:103440002DE9F04106460C46174614B90120BDE8A7
:10345000F08100F013F805460DB90220F7E73B466E
:1034600022463146044801F075FB8046284600F0AC
:103470004BF84046EBE70000A401002010B500BF68
:10348000EFF3058008B1002010BD0D48006808B9B1
:103490000020F9E709F04AF90446012C01D1022085
:1034A000F2E7022C01D00020EEE74FF0FF31044894
:1034B000006808F017FF012800D1E5E70020E3E7E6
:1034C0008C0000202DE9F84307460C461546984627
:1034D00004B115B90120BDE8F883FFF7CFFF064618
:1034E0000EB90220F7E72B46224639460548CDF8AB
:1034F000008001F00BFC8146304600F005F848469C
:10350000E9E70000A401002010B50446012C06D113
:1035100000231A4619460248006808F0C5FC10BD91
:103520008C00002010B50C48006808B1012010BDC7
:103530000A4800680A49884201D00020F7E70120C4
:1035400008F000FC044908600846006808B1012042
:10355000EDE70020EBE7000088000020F8010020E4
:10356000005800402DE9F04106460C46174614B9B4
:103570000120BDE8F08100F013F805460DB90220E6
:10358000F7E73B4622463146044801F0E3FA80461D
:10359000284600F075F84046EBE70000F8010020EF
:1035A00010B500BFEFF3058008B1002010BD0D4835
:1035B000006808B90020F9E709F0B8F80446012CC2
:1035C00001D10220F2E7022C01D00020EEE74FF0FB
:1035D000FF310448006808F085FE012800D1E5E7C6
:1035E0000020E3E7880000202DE9FE4F06460F4645
:1035F00090461C46DDE90C9B14B1B9F1000F02D1D5
:103600000120BDE8FE8FFFF7CBFF05460DB9022074
:10361000F7E743463A46314605488DE8100A01F07F
:103620002DFC8246284600F02BF85046E9E70000C2
:10363000F80100202DE9FE4F06460F4690461C4635
:10364000DDE90C9B14B1B9F1000F02D10120BDE8F6
:10365000FE8FFFF7A5FF05460DB90220F7E74346A9
:103660003A46314605488DE8100A01F0C1FD824610
:10367000284600F005F85046E9E70000F801002070
:1036800010B50446012C06D100231A4619460248FB
:10369000006808F009FC10BD880000202DE9F843FF
:1036A00004460D46164698460CB105B116B90120E0
:1036B000BDE8F88300F048F807460FB90220F7E7A5
:1036C00000224FF480510B4801F03EF933462A4660
:1036D00021460948CDF8008002F0C9FD814601224B
:1036E0001103044801F030F9384600F08BF84846E1
:1036F000DEE70000000C01404C02002010B50E482F
:10370000006808B1012010BD0C4800680C498842CF
:1037100001D00020F7E7012211030A4801F014F953
:10372000012008F00FFB044908600846006808B152
:103730000120E8E70020E6E7900000204C0200208E
:1037400000380040000C014010B500BFEFF30580C9
:1037500008B1002010BD0D48006808B90020F9E745
:1037600008F0E4FF0446012C01D10220F2E7022C0C
:1037700001D00020EEE74FF0FF310448006808F068
:10378000B1FD012800D1E5E70020E3E7900000202B
:103790002DE9F04104460D46174604B115B9012044
:1037A000BDE8F081FFF7D0FF06460EB90220F7E72B
:1037B00000224FF480510A4801F0C6F83B462A46E1
:1037C0002146084802F074FC804601221103044897
:1037D00001F0BAF8304600F015F84046E0E7000086
:1037E000000C01404C0200202DE9F04104460D463A
:1037F00016461F463B46324629462046FFF74EFFF7
:10380000BDE8F08110B50446012C06D100231A460C
:1038100019460248006808F047FB10BD90000020E0
:1038200000BFFEE70FB410B5C2B0449818B942B05B
:1038300010BC5DF814FB45A801904FF4807102A8FC
:10384000019B449A05F0D4F9044600200190002C15
:1038500000DCECE7FF2C00D9FF24A2B2C82302A9A8
:10386000024803F02AFE00BFE1E700000C0400203C
:10387000704730B590F840500124AC40C56B6C6087
:10388000046863604468102C04D10468A260046872
:10389000E16003E00468A1600468E26030BD704745
:1038A00010B504460CB9002010BD1248007890B93C
:1038B000114800F09DF908B10020F5E704220F49F6
:1038C0000D4800F019FC08B10020EDE7012009497E
:1038D00008700020E8E709480088208007484088F1
:1038E000608006488088A0800448C088E08001206D
:1038F000DAE70000AE00002030010020A600002022
:10390000014601F00F000A1102EB820200EB4200B7
:10391000C0B2704710B532220321D020FFF722FE3B
:1039200008B9012010BD0020FCE77FB5044654B162
:103930003220072102AB0122CDE900100021D02066
:10394000FFF752FE10B1002004B070BD9DF80810C2
:1039500001F07F00FFF7D4FF20709DF8091001F0FF
:103960007F00FFF7CDFF60709DF80A5005F0400022
:10397000B8B105F01F00FFF7C3FFA07005F02000ED
:1039800030B1A0780C2803D2A0780C30A0700DE0E4
:1039900005F0200050B9A0780C2807D10020A070B5
:1039A00004E005F03F00FFF7ABFFA0709DF80B109F
:1039B00001F00700FFF7A4FFE0709DF80C1001F084
:1039C0003F00FFF79DFF20719DF80D1001F01F00D3
:1039D000FFF796FF60719DF80E00FFF791FF00F56D
:1039E000FA60E08020783C2816D260783C2813D218
:1039F000A078182810D2E07870B1E07807280BD8AA
:103A0000207948B120791F2806D8607920B16079E3
:103A10000C2801D8012097E7002095E710B5002475
:103A200018E00F4830F814100E4800F085FF0E49DA
:103A300008550846005D0D49085500200C490855F9
:103A40000C4941F824000C4941F824000B49085561
:103A5000601CC4B2042CE4DB01200949087010BDCD
:103A600080E700080010014094000020980000202A
:103A70009C000020DC090020EC090020A0000020B0
:103A8000A40000202DE9F0410546002743480078B6
:103A900000B115B90020BDE8F081002028706870E1
:103AA000002476E03E4830F814103E4800F044FF11
:103AB00006463D48005DB04205D03B480655012012
:103AC0003A49085563E03948005D032805D2374874
:103AD000005D401C3549085559E03548005DB0424D
:103AE0001DD0334806554EB90020324941F8240014
:103AF000314941F824003149085510E02F48005D54
:103B000020B91FB92C7001206870012700202949B5
:103B100041F82400284941F8240028490855244840
:103B2000005D98BB234850F824000A30214941F831
:103B300024002248005D90B9084650F82400B0F5F2
:103B4000167F0CD301201D49085500201A4941F861
:103B50002400DFB92C7002206870012716E0174896
:103B6000005D98B1144850F824000A30124941F819
:103B70002400084650F82400782807D3002041F894
:103B800024001FB92C7003206870012700BF601C3F
:103B9000C4B2042C86DB38467DE70000A400002078
:103BA00080E7000800100140940000209C000020E5
:103BB00098000020DC090020EC090020A000002073
:103BC00010B54FF4805000F009FD10BD10B508206D
:103BD00000F004FD10BD10B5102000F0FFFC10BD7A
:103BE00010B5202000F0FAFC10BD72B600BFFEE751
:103BF000F8B5044600260020009000BF94F8240089
:103C0000012801D10220F8BD012084F8240000BF62
:103C10002046FCF739FF06462046FCF7A3FF064680
:103C2000002E69D1A06A20F4885040F00200A06202
:103C3000022001F0FDFC34490968B1FBF0F04000BE
:103C4000009002E00098401E009000980028F9D1F2
:103C50002068806840F008002168886000F07AFEE3
:103C6000054616E000F076FE401B0A2811D92068B0
:103C7000806800F0080060B1A06A20F0020040F007
:103C80001000A06200BF002084F8240000BF0120C3
:103C9000B9E72068806800F008000028E2D12068B9
:103CA000806840F004002168886000F053FE0546FB
:103CB00016E000F04FFE401B0A2811D920688068EA
:103CC00000F0040060B1A06A20F0020040F0100093
:103CD000A06200BF002084F8240000BF012092E70A
:103CE0002068806800F004000028E2D1A06A20F07B
:103CF000020040F00100A06200BF002084F8240010
:103D000000BF30467FE700000C00002038B50246B7
:103D100000230020009000BF92F82400012801D168
:103D2000022038BD012082F8240000BF486807281F
:103D300012D21068406B0C79641E04EB84051F24BA
:103D4000AC40A0430D796D1E05EB85050C68AC40B9
:103D500020431468606327E048680D2812D2106879
:103D6000006B0C79E41F04EB84051F24AC40A043D6
:103D70000D79ED1F05EB85050C68AC4020431468F8
:103D8000206311E01068C06A0C790D3C04EB8405D7
:103D90001F24AC40A0430D790D3D05EB85050C6853
:103DA000AC4020431468E06208680A2812D3106807
:103DB000C0680C780A3C04EB44050724AC40A043DF
:103DC0000D780A3D05EB45058C68AC40204314682E
:103DD000E0600FE0106800690C7804EB44050724EC
:103DE000AC40A0430D7805EB45058C68AC40204302
:103DF000146820610868102802D00868112827D1AB
:103E0000174C1068A0421ED11068806800F40000B2
:103E1000F0B91068806840F400001468A060086879
:103E2000102815D10F4800680F4CB0FBF4F000EBE0
:103E300080004000009002E00098401E0090009832
:103E40000028F9D104E0906A40F02000906201233C
:103E500000BF002082F8240000BF184661E7000080
:103E6000002401400C00002040420F0070477047C2
:103E7000704700002DE9F041044600270025002688
:103E8000A84614B90120BDE8F081A06810B1207DDA
:103E900000B100BFA06A30B90020E06284F82400BD
:103EA000204600F097F82046FCF7EEFD0746A06A92
:103EB00000F01000002873D1002F7ED1A06A20F4FA
:103EC000885040F00200A0623F4AD4E900019042CD
:103ED00008D1E069B0F5402F02D14FF4002002E094
:103EE000E06900E0E0690143207B41EA40000643CD
:103EF000A068B0F5807F02D0A068012802D14FF4FD
:103F0000807000E000200543207D012811D1207B36
:103F100038B9A069401E4FF4006141EA40300543C2
:103F200007E0A06A40F02000A062E06A40F00100D3
:103F3000E0622068406820F46940284321684860B6
:103F40002068806821490840304321688860A06863
:103F5000B0F5807F02D0A068012802D14FF48070B4
:103F600000E00020B0F5807F03D1208A401E4FEA98
:103F700000582068C06A20F4700040EA08002168F8
:103F8000C8622068806812490840B04209D1002008
:103F9000E062A06A20F0020040F00100A06211E09F
:103FA0000BE0A06A20F0020040F01000A062E06A7E
:103FB00040F00100E062012704E0A06A40F0100038
:103FC000A062012738465EE7003C0140FDF7E1FFB3
:103FD000FE0E1FFF10B586B004460020029003902D
:103FE000049005903D492068884275D100BF3C4847
:103FF000806940F400703A4988610846806900F49D
:104000000070019000BF00BF00BF0846406940F04B
:10401000010048610846406900F00100019000BFBE
:1040200000BF3048304908600020486000212E4819
:1040300081608021C16049000161890041612021C6
:1040400081610902C16100F017FA08B1FFF7CDFDE7
:1040500000BF25482062446200BF00BF204880693D
:1040600040F010001E4988610846806900F0100089
:10407000019000BF00BF00BF0846806940F0040007
:1040800088610846806900F00400019000BF00BF0D
:1040900000BF0846806940F00800886108468069D2
:1040A00000F00800019000BF00BF01200290032033
:1040B000039002A90D4800F09FFA102002900320FF
:1040C000039002A90A4800F097FA03200290039097
:1040D00002A9084800F090FA06B010BD0024014083
:1040E0000010024008000240600100200010014062
:1040F00000080140000C01402DE9F04104460D4646
:104100001646002757492068884203D05649206840
:10411000884205D15348001D006800F4702000E07B
:10412000002000287ED100BF94F82400012802D18D
:104130000220BDE8F081012084F8240000BF204661
:10414000FCF710FD0746002F6DD1A06A40F6016113
:10415000884340F48070A06243492068884209D1B6
:104160004048001D006800F4702008B9012002E0FA
:10417000002000E0012078B1A06A20F48010A06245
:104180002068406800F4806000B3A06A20F400500A
:1041900040F48050A06219E0A06A40F48010A06250
:1041A00030492068884203D02F492068884205D1D1
:1041B0002C48001D006800F4806000E0002028B159
:1041C000A06A20F4005040F48050A062A06A00F47D
:1041D000805020B1E06A20F00600E06201E000209B
:1041E000E06200BF002084F8240000BF1F48216A5D
:1041F00088621F48216AC8621E48216A08636FF0FE
:104200000200216808602068806840F4807021689E
:104210008860226802F14C0133462A46206A00F089
:1042200071F901E01AE014E02068806800F4602071
:10423000B0F5602F06D12068806840F4A0002168A6
:1042400088600CE02068806840F4801021688860F5
:1042500005E000BF002084F8240000E00127384674
:1042600067E700000024014000280140E50A00083B
:10427000550B0008370B00080146002291F8210079
:10428000022808D00420886300BF002081F82000A5
:1042900000BF012070470868006820F00E000B681E
:1042A00018600868006820F001000B68186091F839
:1042B000403001209840CB6B5860012081F82100EC
:1042C00000BF002081F8200000BF1046E2E7000098
:1042D00070B50446002594F82100022803D004207C
:1042E000A0630125C1E02068006820F00E0021686D
:1042F00008602068006820F00100216808605C49BF
:104300002068884252D95A4978392068884201D1B8
:10431000012047E0564964392068884201D11020C5
:1043200040E0534950392068884201D1801539E076
:104330004F493C392068884201D1801432E04C4911
:1043400028392068884202D14FF480302AE0484959
:1043500014392068884202D14FF4801022E0444989
:104360002068884201D140041CE04249206888420C
:1043700001D1012016E03F4914312068884201D163
:1043800010200FE03B4928312068884201D1801578
:1043900008E038493C312068884201D1801401E0AE
:1043A0004FF480303349091F086051E030497839B3
:1043B0002068884201D1012047E02D4964392068F6
:1043C000884201D1102040E02949503920688842B4
:1043D00001D1801539E026493C392068884201D155
:1043E000801432E0224928392068884202D14FF4F3
:1043F00080302AE01E4914392068884202D14FF4E7
:10440000801022E01A492068884201D140041CE053
:1044100018492068884201D1012016E0154914315D
:104420002068884201D110200FE01249283120680D
:10443000884201D1801508E00E493C31206888424D
:1044400001D1801401E04FF480300949803948607F
:10445000012084F8210000BF002084F8200000BF64
:10446000606B10B12046616B8847284670BD000024
:1044700080000240080402400146002209B90120E0
:1044800070471E4B086898420BD21D4B0868C01A33
:104490001423B0FBF3F08000086419480838C8639F
:1044A0000AE0164B0868C01A1423B0FBF3F0800032
:1044B000086412480838C863022081F8210008689F
:1044C000026843F6F0708243D1E901031843CB68D8
:1044D00018430B6918434B6918438B691843CB6920
:1044E000184302430868026000208863012081F8B5
:1044F0002100002081F8200000BFC1E7080402402D
:10450000080002402DE9F04104460D4616461F46BC
:104510004FF0000800BF94F82000012802D10220CB
:10452000BDE8F081012084F8200000BF94F821004C
:1045300001282CD1022084F821000020A0632068EB
:10454000006820F00100216808603B463246294699
:104550002046FFF78EF9E06A30B12068006840F02D
:104560000E00216808600BE02068006820F004005D
:10457000216808602068006840F00A00216808602F
:104580002068006840F001002168086006E000BF74
:10459000002084F8200000BF4FF002084046BFE72B
:1045A00070B5044600F0D6F906462546681C10B1E1
:1045B00004480078054400BF00F0CCF9801BA842F5
:1045C000FAD370BD0800002010B504462046FCF761
:1045D0002BFE2046FDF7BEF810BD000010B50446C6
:1045E00004480068204020B1024804602046FFF7DC
:1045F000EBFF10BD140401402DE9F84702460023EB
:104600009C467BE14FF0010808FA03F4D1F80080E2
:1046100008EA0400A0427DD1DFF8F4A2D1F80480BA
:10462000A8EB0A09D0453AD014DCB8F1030F50D0FA
:1046300009DCB8F1000F31D0B8F1010F1CD0B8F18E
:10464000020F49D120E0B8F1110F18D0B8F1120FC4
:1046500042D11EE0B9F5881F25D006DCB9F5803FB0
:1046600020D0B9F5801F37D11AE0B9F5001F18D056
:10467000B9F5041F30D117E0D1F80CC02DE0D1F806
:104680000C8008F1040C28E0D1F80C8008F1080C2B
:1046900023E0D1F80C8008F10C0C1EE000BF00BF35
:1046A00000BF00BF00BF00BFD1F80880B8F1000F05
:1046B00002D14FF0040C0BE0D1F80880B8F1010FE3
:1046C00003D14FF0080C146102E04FF0080C546164
:1046D00003E04FF0000C00E000BF00BFFF2801D84E
:1046E000904601E002F104084646FF2802D84FEA4E
:1046F000830803E0A3F108084FEA88084746D6F884
:1047000000804FF00F0909FA07F928EA09080CFAA6
:1047100007F900E07AE048EA0908C6F80080D1F815
:10472000048008F08058B8F1805F6FD100BFDFF8D7
:10473000E481D8F8188048F00108DFF8D891C9F86A
:104740001880C846D8F8188008F00108CDF8008015
:1047500000BF00BF4FEAB9384FEA930958F8295013
:104760004FEA83784FEA18794FF00F0808FA09F8F2
:1047700025EA0805DFF8A081424502D14FF0000884
:1047800024E0DFF89881424502D14FF001081DE096
:10479000DFF88C81424502D14FF0020816E0DFF8C5
:1047A0008481424502D14FF003080FE0DFF87881A1
:1047B000424502D14FF0040808E0DFF8708142451D
:1047C00002D14FF0050801E04FF006084FEA837967
:1047D0004FEA197908FA09F848EA0505DFF8508127
:1047E0004FEA930948F82950D1F8048008F480185A
:1047F000B8F5801F0BD1DFF83C81D8F8008048EA7B
:104800000008DFF83091C9F800800AE075E0DFF8B1
:104810002481D8F8008028EA0008DFF81891C9F848
:104820000080D1F8048008F40018B8F5001F0ED1FC
:10483000DFF8008108F10408D8F8008048EA000891
:10484000DFF8F09009F10409C9F800800DE0DFF805
:10485000E48008F10408D8F8008028EA0008DFF8AE
:10486000D49009F10409C9F80080D1F8048008F453
:104870000038B8F5003F0ED1DFF8B880A8F1040881
:10488000D8F8008048EA0008DFF8A890A9F10409E8
:10489000C9F800800DE0DFF89C80A8F10408D8F882
:1048A000008028EA0008DFF88C90A9F10409C9F813
:1048B0000080D1F8048008F48038B8F5803F0ED12C
:1048C000DFF87080A8F10808D8F8008048EA0008EE
:1048D000DFF86090A9F10809C9F800800DE0DFF861
:1048E0005480A8F10808D8F8008028EA0008DFF80A
:1048F0004490A9F10809C9F800805B1CD1F8008038
:1049000028FA03F8B8F1000F7FF47CAEBDE8F88711
:10491000000011100010024000080140000C01408E
:10492000001001400014014000180140001C01402B
:104930000800014008040140024693680B400BB197
:10494000012000E0002070470AB1016101E00B0482
:1049500003617047014800687047000000000020B4
:104960000148006870470000E8F7FF1F0148006831
:1049700070470000ECF7FF1F014800687047000017
:10498000F0F7FF1F70B504460CB9012070BD94F814
:104990003D0028B9002084F83C00204600F0DAFCF5
:1049A000242084F83D002068006820F00100216880
:1049B00008602068006840F40040216808602068B2
:1049C000006820F400402168086001F043F80546C3
:1049D0005C496068884206D85B48854201D2012064
:1049E00007E0002005E05948854201D2012000E09F
:1049F0000020012800D1C9E75548B5FBF0F6206832
:104A0000406820F03F003043216848604D496068AD
:104A1000884201D8701C07E04FF4967070434FF441
:104A20007A71B0FBF1F0401C2168096A21F03F0166
:104A300008432168086243496068884214D8681EA8
:104A400061684900B0FBF1F0401CC0F30B00042882
:104A500001D204203DE0681E61684900B0FBF1F01E
:104A6000401CC0F30B0034E0A06838B9681E6168D0
:104A700001EB4101B0FBF1F0401C0AE0681E6168E7
:104A800001EBC10202EB0111B0FBF1F0401C40F45C
:104A90008040C0F30B0008B901201AE0A06848B9B3
:104AA000681E616801EB4101B0FBF1F0401CC0F3EE
:104AB0000B000CE0681E616801EBC10202EB011102
:104AC000B0FBF1F0401CC0F30B0040F4804040F418
:104AD00000402168C9694CF6FF7291430843216880
:104AE000C861D4E9070108432168096821F0C001C1
:104AF000084321680860D4E90310084321688968E5
:104B000048F2FF329143084321688860D4E90501E7
:104B100008432168C96821F0FF0108432168C86083
:104B20002068006840F001002168086000202064CF
:104B3000202084F83D000020206384F83E0000BF60
:104B400024E70000A086010080841E0000093D00CB
:104B500040420F002DE9F84F04460F4690461E468E
:104B6000FFF7F8FE05464FF0000994F83D002028B5
:104B70007ED11923012263492046009502F0D1FE1F
:104B800010B10220BDE8F88F00BF94F83C00012866
:104B900001D10220F6E7012084F83C0000BF206824
:104BA000006800F0010028B92068006840F00100AA
:104BB000216808602068006820F4006021680860AF
:104BC000242084F83D00002020644F48E06200BFAC
:104BD0002068006840F48070216808603346002235
:104BE0004FF001112046009502F09BFE58B120685D
:104BF000006800F48070B0F5807F02D14FF400703F
:104C000020640320BEE707F0FE0021680861FFF77B
:104C1000A1FE054620684069C0F3400A206840694B
:104C2000C0F3802B10E0FFF795FE401BB04200D888
:104C300016B9A02084F83D0020684069C0F3400AFE
:104C400020684069C0F3802B94F83D00A02805D06F
:104C5000BAF1000F02D1BBF1000FE4D0202084F89C
:104C60003D0020684069C0F3400028B3206800E0A0
:104C700045E0006840F400702168086000BF002033
:104C8000009020684069009020688069009000BF13
:104C900000BF192301221B492046009502F041FE66
:104CA00008B101206EE7202084F83D0000BF0020FD
:104CB00084F83C0000BF65E72068006840F400709D
:104CC000216808606FF4806021684861192301221F
:104CD0000C492046009502F024FE08B1012051E75E
:104CE00009F10109C145FFF473AF202084F83D00AC
:104CF00000BF002084F83C0000BF012042E70220F2
:104D000040E70000020010000000FFFF2DE9F8431B
:104D10000446894616461F46DDF82080FFF71AFE36
:104D2000054694F83D0020287ED1192301225149DF
:104D30002046009502F0F5FD10B10220BDE8F88391
:104D400000BF94F83C00012801D10220F6E70120C1
:104D500084F83C0000BF2068006800F0010028B91A
:104D60002068006840F00100216808602068006841
:104D700020F4006021680860212084F83D001020A4
:104D800084F83E000020206466626785608D20857F
:104D90003948E0622B4642464946204602F00EFC66
:104DA00008B10120CAE700BF0020009020684069D8
:104DB000009020688069009000BF00BF44E02A4650
:104DC0004146204602F0CEFE50B1206C042805D1A9
:104DD0002068006840F40070216808600120ADE799
:104DE000606A007821680861606A401C6062608DBA
:104DF000401E6085208D401E208520684069C0F3DC
:104E0000800070B1208D60B1606A0078216808610F
:104E1000606A401C6062608D401E6085208D401E6F
:104E200020852A46414600E022E0204602F046FD69
:104E300050B1206C042805D12068006840F400704F
:104E400021680860012079E7208D0028B7D120680B
:104E5000006840F4007021680860202084F83D005C
:104E6000002084F83E0000BF84F83C0000BF65E7E6
:104E7000022063E7020010000000FFFF2DE9FE4F53
:104E800004460F4690469946DDE90CAB0E9E002085
:104E90000290FFF75FFD054694F83D00202872D18F
:104EA00019230122CE492046009502F03AFD10B1A7
:104EB0000220BDE8FE8F00BF94F83C00012801D11C
:104EC0000220F6E7012084F83C0000BF206800685B
:104ED00000F0010028B92068006840F00100216856
:104EE00008602068006820F40060216808602220C3
:104EF00084F83D00402084F83E0000202064C4F87F
:104F000024A0A4F82AB0608D2085B648E0624B4604
:104F1000424639462046CDE9006502F0AFFB08B1B4
:104F20000120C6E7208D88B900BF002001902068CD
:104F30004069019020688069019000BF00BF20682F
:104F4000006840F40070216808604BE0208D012863
:104F50001AD12068006820F480602168086072B669
:104F600000BF00200190206840690190206880699E
:104F7000019000BF00BF2068006840F40070216805
:104F8000086062B62EE029E1208D022819D1206840
:104F9000006840F400602168086072B600BF00201D
:104FA000019020684069019020688069019000BFED
:104FB00000BF2068006820F480602168086062B645
:104FC00010E02068006840F480602168086000BF3D
:104FD000002001902068406901902068806901905C
:104FE00000BF00BFEBE0208D03287DD8208D012875
:104FF00015D12A463146204602F06FFD08B1012046
:1050000057E720680069616A0870606A401C606246
:10501000208D401E2085608D401E6085CFE0208D54
:1050200002282CD1334600226F492046009502F019
:1050300078FC08B101203CE772B62068006840F4B3
:1050400000702168086020680069616A0870606A01
:10505000401C6062208D401E2085608D401E608552
:1050600062B620680069616A0870606A401C60620C
:10507000208D401E2085608D401E60859FE0334658
:10508000002259492046009502F04BFC08B101204E
:105090000FE72068006820F480602168086072B61D
:1050A00020680069616A0870606A401C6062208D37
:1050B000401E2085608D401E60854C480068192187
:1050C000B0FBF1F04FF47A71B0FBF1F0C0EBC0002F
:1050D00000EB8000029000BF0298401E02900298F0
:1050E000A8B90020206300E039E0202084F83D00CA
:1050F000002084F83E00206C40F02000206462B65E
:1051000000BF002084F83C0000BF0120D1E62068E9
:105110004069C0F380000028DED02068006840F4B9
:1051200000702168086020680069616A0870606A20
:10513000401C6062208D401E2085608D401E608571
:1051400062B620680069616A0870606A401C60622B
:10515000208D401E2085608D401E60852FE02A46F0
:105160003146204602F0B9FC08B10120A1E62068D2
:105170000069616A0870606A401C6062208D401E90
:105180002085608D401E608520684069C0F38000E6
:10519000A8B1208D032805D12068006820F4806024
:1051A0002168086020680069616A0870606A401CB4
:1051B0006062208D401E2085608D401E6085208DA0
:1051C00000287FF410AF202084F83D00002084F8F0
:1051D0003E0000BF84F83C0000BF6AE6022068E69B
:1051E000020010000000FFFF040001000C0000207E
:1051F0002DE9FC5F04460F4690469946DDE90CAB6D
:105200000E9EFFF7A7FB054694F83D0020287DD1B0
:10521000192301224D492046009502F082FB10B16E
:105220000220BDE8FC9F00BF94F83C00012801D19A
:105230000220F6E7012084F83C0000BF20680068E7
:1052400000F0010028B92068006840F001002168E2
:1052500008602068006820F4006021680860212050
:1052600084F83D00402084F83E0000202064C4F80B
:1052700024A0A4F82AB0608D20853548E0624B4612
:10528000424639462046CDE9006502F0A7FA08B14A
:105290000120C6E731E02A463146204602F062FC92
:1052A00050B1206C042805D12068006840F40070DB
:1052B000216808600120B4E7606A0078216808610D
:1052C000606A401C6062208D401E2085608D401EFB
:1052D000608520684069C0F3800070B1208D60B1A6
:1052E000606A007821680861606A401C6062208DF5
:1052F000401E2085608D401E6085208D0028CAD10B
:105300002A463146204602F0D9FA00E01CE050B1AE
:10531000206C042805D12068006840F400702168E2
:10532000086001207DE72068006840F40070216873
:105330000860202084F83D00002084F83E0000BF73
:1053400084F83C0000BF6CE702206AE7020010000E
:105350000000FFFF10B586B00446002002900390C5
:10536000049005902B492068884225D100BF2A4827
:10537000806940F00800284988610846806900F08B
:105380000800019000BF00BFC020029012200390CF
:105390000320059002A92148FFF72EF900BF1E48FF
:1053A000C06940F400101C49C8610846C06900F497
:1053B0000010019000BF2AE019492068884226D1D8
:1053C00000BF1548806940F008001349886108460D
:1053D000806900F00800019000BF00BF4FF44060FA
:1053E0000290122003900320059002A90B48FFF7BA
:1053F00003F900BF0848C06940F480000649C8614D
:105400000846C06900F48000019000BF00BF06B0EC
:1054100010BD00000054004000100240000C01408C
:1054200000580040034800680349097808440149CE
:1054300008607047000000200800002010B50848F0
:10544000006840F0100006490860032000F0DCF816
:10545000042000F007F800F05FF8002010BD000005
:10546000002002402DE9F04188B004460027B846EC
:10547000002600BF2348C06940F010002149C861E0
:105480000846C06900F01000019000BF00BF02A9EB
:1054900003A800F0B7FA069F1FB900F0DBFA054633
:1054A00002E000F0D7FA45001748B5FBF0F0A0F194
:1054B000010816481649086040F2E7311448C160F7
:1054C000C0F80480002101618160816101F07EF8F3
:1054D000064696B90E4801F0EBF806466EB936203E
:1054E00000F044F8102C07D200222146362000F0AC
:1054F0004DF80848046000E00126304608B0BDE8D9
:10550000F08100000010024040420F0000100040F7
:105510009C0400200400002008B500BF11488069E9
:1055200040F001000F4988610846806900F00100E1
:10553000009000BF00BF00BF0846C06940F0805027
:10554000C8610846C06900F08050009000BF00BFED
:1055500000BF0549486820F0E06040F000704860F6
:1055600000BF08BD0010024000000140014608468F
:10557000002809DB00F01F0301229A4043099B0029
:1055800003F1E023C3F8002100BF70472DE9F05F6D
:1055900080460D461646002703F044FB0746394671
:1055A0002A46334601F00700C0F1070ABAF1040F9A
:1055B00002D94FF0040A01E0C0F1070AD14600F118
:1055C000040ABAF1070F02D24FF0000A01E0A0F17D
:1055D000030AD4464FF0010A0AFA09FAAAF1010AAD
:1055E0000AEA020A0AFA0CFA4FF0010B0BFA0CFB5A
:1055F000ABF1010B0BEA030B4AEA0B0421464046D0
:1056000003F018FBBDE8F09F00BF00F00702064B57
:1056100019684FF6FF031940044B0B4343EA02217C
:10562000014B196000BF70470CED00E00000FA0567
:105630002DE9F04706464FF000080025002700241A
:10564000A146042E37D004DC012E3CD0022E6CD1B2
:1056500060E0082E33D0102E67D1364844680068C9
:1056600000F0807008B33448C4F38341475C04F40D
:10567000803078B12F484068C0F340402F4911F87E
:10568000008004F4803040B12D48B0FBF8F000FBFE
:1056900007F502E02B4807FB00F52648406800F4B8
:1056A0008000B0F5800F01D1A94603E06800032116
:1056B000B0FBF1F93AE000F0EDF9814636E000F098
:1056C000E9F9814632E01B48046A04F44070B0F501
:1056D000807F05D104F0020010B14FF4004918E0BA
:1056E00004F44070B0F5007F07D11248406A00F022
:1056F000020010B149F640490BE004F44070B0F5E7
:10570000407F06D10B48006800F4003008B14FF22A
:1057100024490BE000F0AEF906494968C1F3813134
:10572000491C4900B0FBF1F900E000BF00BF48464A
:10573000BDE8F0870010024096CF0008A6CF000811
:1057400000127A0000093D00F8B504460026002545
:10575000207800F0010000286BD000274348C06982
:1057600000F0805070B900BF4048C06940F08050E0
:105770003E49C8610846C06900F08050009000BFF3
:1057800000BF01273A48006800F48070B0B938487B
:10579000006840F4807036490860FFF7DBF8064681
:1057A00006E0FFF7D7F8801B642801D90320F8BD75
:1057B0002F48006800F480700028F2D02B48006A5F
:1057C00000F440752DB3A08800F44070A84220D0AA
:1057D0002648006A20F44075012026490860002010
:1057E00008602248056205F0010090B1FFF7B2F8A9
:1057F000064608E0FFF7AEF8801B41F28831884288
:1058000001D90320D3E71948006A00F002000028FC
:10581000F0D01648006A20F44070616808431349CC
:105820000862012F04D10846C06920F08050C86189
:1058300000BF207800F00200022807D10B48406822
:1058400020F44040A168084308494860207800F0EF
:105850001000102807D10548406820F480006169D5
:105860000843024948600020A1E700000010024000
:10587000007000404004424270B504460D460CB929
:10588000012070BD5A48006800F00700A8420ED2FF
:105890005748006820F0070028435549086008462B
:1058A000006800F00700A84201D00120E9E7207855
:1058B00000F0020002281DD1207800F00400042826
:1058C00005D14C48406840F4E0604A49486020787F
:1058D00000F00800082805D14648406840F46050B0
:1058E000444948604348406820F0F000A1680843FC
:1058F00040494860207800F0010078B360680128D2
:1059000006D13C48006800F4003090B90120B8E7A7
:105910006068022806D13748006800F0007040B97E
:105920000120AEE73348006800F0020008B901200A
:10593000A7E73048406820F00300616808432D491C
:105940004860FFF707F8064609E0FFF703F8801BF9
:1059500041F28831884202D9032092E707E02548C6
:10596000406800F00C006168B0EB810FEDD1204879
:10597000006800F00700A8420ED91D48006820F01A
:10598000070028431A4908600846006800F007002D
:10599000A84201D0012074E7207800F00400042818
:1059A00007D11448406820F4E060E16808431149D9
:1059B0004860207800F00800082808D10D484068A9
:1059C00020F46050216940EAC1000A49486000F0B3
:1059D00061F808494968C1F30311074A515CC8409E
:1059E0000649086006480068FFF73CFD002048E7CC
:1059F0000020024000100240A8CF00080C00002048
:105A0000040000200F2202600D4A526802F00302D7
:105A100042600B4A526802F0F0028260084A526803
:105A200002F4E062C260064A526802F46052D20890
:105A30000261044A126802F007020A60704700001F
:105A4000001002400020024001480068704700003A
:105A50000C00002000B5FFF7F7FF04494968C1F3C7
:105A60000221034A515CC84000BD00000010024002
:105A7000B8CF000800B5FFF7E7FF04494968C1F354
:105A8000C221034A515CC84000BD00000010024022
:105A9000B8CF000870B500210022002400230020A8
:105AA000134D696801F00C05F5B1042D02D0082DE5
:105AB00019D101E00F4819E00F4DC1F38346AB5DEA
:105AC00001F4803555B10A4D6D68C5F340450B4E64
:105AD000725D084D5D43B5FBF2F402E0084D03FB37
:105AE00005F4204602E000BF024800BF00BF70BDC1
:105AF0000010024000127A0084CF000894CF000802
:105B000000093D00F8B504460CB90120F8BD207825
:105B100000F00100002878D0F848406800F00C0040
:105B200004280CD0F548406800F00C00082811D17A
:105B3000F248406800F48030B0F5803F0AD1EF4869
:105B4000006800F4003000285FD0606800285CD155
:105B50000120DBE700BF6068B0F5803F06D1E74871
:105B6000006840F48030E549086028E0606858B972
:105B7000E248006820F48030E04908600846006888
:105B800020F4802008601AE06068B0F5A02F0BD1E7
:105B9000DA48006840F48020D84908600846006868
:105BA00040F4803008600AE0D448006820F4803077
:105BB000D24908600846006820F48020086000BFD1
:105BC000606888B1FEF7C6FE054606E0FEF7C2FE35
:105BD000401B642801D9032098E7C848006800F4F6
:105BE00000300028F2D010E0FEF7B4FE054606E0D3
:105BF000FEF7B0FE401B642801D9032086E7BF48AA
:105C0000006800F400300028F2D1207800F0020093
:105C1000022857D1B948406800F00C0050B1B7488D
:105C2000406800F00C00082818D1B448406800F41F
:105C3000803098B9B148006800F0020020B12069B6
:105C4000012801D0012061E7AC48006820F0F8008D
:105C5000616940EAC100A949086033E02069E8B100
:105C60000120A7490860FEF775FE054606E0FEF72D
:105C700071FE401B022801D9032047E79F480068B6
:105C800000F002000028F2D09C48006820F0F800E4
:105C9000616940EAC1009949086013E00020984911
:105CA0000860FEF757FE054606E0FEF753FE401B70
:105CB000022801D9032029E79048006800F002007B
:105CC0000028F2D1207800F0080008282DD1A06922
:105CD000B8B101208B490860FEF73CFE054606E09E
:105CE000FEF738FE401B022801D903200EE7834847
:105CF000406A00F002000028F2D0012002F004FB0C
:105D000013E000207F490860FEF724FE054606E008
:105D1000FEF720FE401B022801D90320F6E6774853
:105D2000406A00F002000028F2D1207800F0040060
:105D3000042873D100277148C06900F0805070B901
:105D400000BF6E48C06940F080506C49C861084689
:105D5000C06900F08050009000BF00BF01276A4872
:105D6000006800F48070B0B96748006840F4807043
:105D700065490860FEF7EEFD054606E0FEF7EAFD20
:105D8000401B642801D90320C0E65F48006800F486
:105D900080700028F2D000BFE068012806D1574883
:105DA000006A40F001005549086227E0E06858B9F0
:105DB0005248006A20F00100504908620846006A13
:105DC00020F00400086219E0E06805280BD14B4878
:105DD000006A40F00400494908620846006A40F041
:105DE000010008620AE04548006A20F001004349CA
:105DF00008620846006A20F00400086200BFE068FC
:105E0000A0B1FEF7A7FD054609E0FEF7A3FD401B84
:105E100041F28831884202D9032077E622E03748F0
:105E2000006A00F002000028EFD012E0FEF792FDB9
:105E3000054608E0FEF78EFD401B41F2883188429E
:105E400001D9032062E62D48006A00F00200002814
:105E5000F0D1012F05D12948C06920F08050274991
:105E6000C86100BFE069C8B32448406800F00C0076
:105E7000082860D0E069022848D10020204908663F
:105E8000FEF768FD054606E0FEF764FD401B0228AC
:105E900001D903203AE61948006800F00070002894
:105EA000F2D1206AB0F5803F07D11448406820F451
:105EB0000030A168084311494860D4E9080108434B
:105EC0000E49496821F4741108430C4948600120C7
:105ED0000B490866FEF73EFD054607E03DE0FEF78C
:105EE00039FD401B022801D903200FE60348006852
:105EF00000F000700028F2D02FE0000000100240F7
:105F000000004242800442420070004000201449D8
:105F10000866FEF71FFD054606E0FEF71BFD401B69
:105F2000022801D90320F1E50E48006800F0007056
:105F30000028F2D111E0E069012800D1E6E5094826
:105F4000466806F48031206A814204D106F470115B
:105F5000606A814201D00120D8E50020D6E500002A
:105F6000000042420010024010B504460CB9012066
:105F700010BD606A38B96068B0F5827F00D105E075
:105F80000021E16102E00021216161610021A16243
:105F900094F8510028B9002084F85000204600F001
:105FA00043F8022084F851002068006820F0400087
:105FB00021680860A08800F48270218901F40441FE
:105FC0000843A18901F400610843217C01F002012A
:105FD0000843217D01F001010843218B01F4007188
:105FE0000843217F01F0380108432021095D01F0B9
:105FF00080010843218D01F40051084321680860A5
:106000000421A06901EA1040216848602068C06945
:1060100020F400602168C86100206065012084F8D8
:1060200051000020A4E7000010B586B0044600200F
:1060300002900390049005901A49206888422FD15D
:1060400000BF1948C06940F480401749C86108463C
:10605000C06900F48040019000BF00BF00BF084647
:10606000806940F0080088610846806900F00800F7
:10607000019000BF00BF4FF4204002900220039027
:106080000320059002A90948FEF7B6FA4FF48040B4
:10609000029000200390049002A90448FEF7ACFA95
:1060A00006B010BD0038004000100240000C014056
:1060B0002DE9F84304460F4616461D46FEF74AFCF6
:1060C0008046B14694F85100012802D00220BDE874
:1060D000F88307B10EB90120F9E700BF94F850002A
:1060E000012801D10220F2E7012084F8500000BF0E
:1060F000032084F85100002060652763A686E686A9
:10610000A063A087E08760642064A068B0F5004FBA
:106110000BD12068006820F04000216808602068EA
:10612000006840F48040216808602068006800F042
:106130004000402805D02068006840F040002168F9
:106140000860E068B0F5006F37D1606810B1B9F150
:10615000010F09D1206B00882168C860206B801C6A
:106160002063E08E401EE08623E02068806800F017
:10617000020002280AD1206B00882168C860206BC9
:10618000801C2063E08E401EE08612E0FEF7E2FBFA
:10619000A0EB0800A84201D3681C00B94DB901204A
:1061A00084F8510000BF002084F8500000BF032095
:1061B0008DE7E08E0028D8D136E0606810B1B9F1E3
:1061C000010F09D1206B007821680873206B401CF7
:1061D0002063E08E401EE08623E02068806800F0A7
:1061E000020002280AD1206B007821680873206B16
:1061F000401C2063E08E401EE08612E0FEF7AAFB02
:10620000A0EB0800A84201D3681C00B94DB90120D9
:1062100084F8510000BF002084F8500000BF032024
:1062200055E7E08E0028D8D142462946204602F0A4
:106230007FF808B120206065A06850B900BF002039
:1062400000902068C068009020688068009000BFBF
:1062500000BF012084F8510000BF002084F85000E6
:1062600000BF606D08B1012031E700202FE72DE964
:10627000FE4F04460F4690461D460C9E012001909D
:10628000FEF768FB814694F851B060680290AA4618
:10629000BBF1010F0BD00298B0F5827F04D1A0684A
:1062A00010B9BBF1040F02D00220BDE8FE8F1FB170
:1062B000B8F1000F00D00DB90120F6E700BF94F847
:1062C0005000012801D10220EFE7012084F850009E
:1062D00000BF94F85100042802D0052084F8510032
:1062E00000206065C4F83880E587A5872763E586C8
:1062F000A586206460642068006800F040004028A3
:1063000005D02068006840F0400021680860E0681F
:10631000B0F5006F52D1606810B1BAF1010F09D128
:10632000206B00882168C860206B801C2063E08E91
:10633000401EE0863BE02068806800F002000228F2
:1063400010D1E08E70B1019801280BD1206B00882C
:106350002168C860206B801C2063E08E401EE086B0
:10636000002001902068806800F0010068B1E08F93
:1063700058B12068C068A16B0880A06B801CA06326
:10638000E08F401EE08701200190FEF7E3FAA0EBCA
:106390000900B0420BD3701C48B1012084F85100B1
:1063A00000BF002084F8500000BF03207DE7E08E8E
:1063B0000028C0D1E08F0028BDD152E0606810B144
:1063C000BAF1010F09D1206B007821680873206BA6
:1063D000401C2063E08E401EE0863CE02068806820
:1063E00000F00200022810D1E08E70B1019801285F
:1063F0000BD1206B007821680873206B401C206350
:10640000E08E401EE086002001902068806800F049
:10641000010068B1E08F58B12068C068A16B0870B6
:10642000A06B401CA063E08F401EE087012001901C
:10643000FEF790FAA0EB0900B04201D3701C00B93E
:106440004EB9012084F8510000BF002084F85000AC
:1064500000BF032029E7E08E0028BFD1E08F00288D
:10646000BCD14A463146204601F062FF40B12020AF
:10647000606500BF002084F8500000BF012014E7D1
:10648000A06850B900BF002000902068C06800904C
:1064900020688068009000BF00BF012084F8510090
:1064A00000BF002084F8500000BF606D08B10120DB
:1064B000FBE60020F9E67047704710B5034600225E
:1064C00000BF93F83C00012801D1022010BD01203B
:1064D00083F83C0000BF22F0FF00CC6840EA0402D1
:1064E00022F440708C6840EA040222F480604C6818
:1064F00040EA040222F400600C6840EA040222F43C
:1065000080500C6940EA040222F400504C6940EAD1
:10651000040222F48040CC6940EA04021868426414
:1065200000BF002083F83C0000BF00BFCEE70000A2
:1065300030B502460B4600BF92F83C00012801D15D
:10654000022030BD012082F83C0000BF022082F80A
:106550003D00106844681068816824F07004186871
:10656000044310684460144D1068A84213D0134DC2
:106570001068A8420FD01068B0F1804F0BD0104DBA
:106580001068A84207D00F4D1068A84203D00E4DE6
:106590001068A84205D121F08001586801431068B5
:1065A0008160012082F83D0000BF002082F83C009D
:1065B00000BF00BFC5E70000002C014000340140CF
:1065C0000004004000080040000C004010B50446E4
:1065D0000CB9012010BD94F83D0028B9002084F8C2
:1065E0003C00204600F026F8022084F83D00211DE2
:1065F000206801F08FFF012084F8460000BF84F876
:106600003E0001213F200155402001554120015508
:1066100000BF00BF012084F8420043200155442000
:1066200001554520015500BF012084F83D000020A0
:10663000D0E7000008B51B4A016891420DD100BFA8
:106640001949896941F40061174A916111468969C4
:1066500001F40061009100BF23E00168B1F1804FB7
:106660000DD100BF1049C96941F001010E4AD16145
:106670001146C96901F00101009100BF11E00B4A08
:10668000016891420DD100BF0749C96941F0040179
:10669000054AD1611146C96901F00401009100BFAA
:1066A00000BF08BD002C014000100240000800405F
:1066B000014691F83D00012801D0012070470220D9
:1066C00081F83D000868C06840F001000B68D860A0
:1066D000164B0868984213D0154B086898420FD0A3
:1066E0000868B0F1804F0BD0124B0868984207D071
:1066F000114B0868984203D0104B086898420CD19F
:106700000868806800F00702062A0CD00868006854
:1067100040F001000B68186005E00868006840F070
:1067200001000B6818600020C8E70000002C014041
:10673000003401400004004000080040000C00400C
:106740002DE9F04104460D46002700BF94F83C00B7
:10675000012802D10220BDE8F081012084F83C002C
:1067600000BF022084F83D002068866826F0770686
:1067700026F47F46206886602868502833D00CDCD9
:10678000202850D004DC00284BD0102851D149E0FB
:10679000302849D040284CD139E060282DD07028CD
:1067A00007D0B0F5805F03D0B0F5005F41D10DE0B8
:1067B00041E0D5E902136A68206801F012FF206801
:1067C000866846F077062068866034E0D5E90213D3
:1067D0006A68206801F005FF2068806840F4804006
:1067E0002168886027E0EA686968206801F0EAFFAC
:1067F0005021206801F000FF1DE0EA686968206808
:1068000001F0F3FF6021206801F0F6FE13E0EA6872
:106810006968206801F0D6FF4021206801F0ECFE95
:1068200009E000BF00BF00BF2968206801F0E4FE56
:1068300001E0012700BF00BF012084F83D0000BF38
:10684000002084F83C0000BF384684E72DE9F04181
:1068500004460D4614B90120BDE8F08194F83D00CE
:1068600028B9002084F83C00204600F051F80220AE
:1068700084F83D002068806844F20701884321685D
:106880008860211D206801F045FE2068D0F808804E
:10689000206886692068076A286840EA080840F28C
:1068A00003308643A969A86840EA0120064340F600
:1068B0000C4086434FF2F0008643E969E86840EAFD
:1068C0000120064328690001296A40EA0130064395
:1068D00027F022076969686840EA011007432068C9
:1068E000C0F808802068866120680762012084F86B
:1068F000460084F83E0001213F200155012084F824
:10690000420043200155012084F83D000020A3E708
:1069100010B586B0044600200290039004900590C4
:106920001A49206888422FD100BF1948C06940F039
:1069300002001749C8610846C06900F002000190D2
:1069400000BF00BF00BF0846806940F008008861B2
:106950000846806900F00800019000BF00BF3020A9
:106960000290002003900120049002A90948FDF73D
:1069700043FE00BF0849486820F4406040F0E060F2
:1069800040F40060486000BF06B010BD0004004045
:1069900000100240000C0140000001402DE9F043CE
:1069A00004460D4694F83E603F20075D94F842800F
:1069B000432010F804906DB9012E02D1B8F1010FF7
:1069C00002D00120BDE8F083022084F83E0084F864
:1069D000420025E0042D0CD1012F02D1B9F1010FA5
:1069E00001D00120EEE702213F200155432001554F
:1069F00016E0012E07D1012F05D1B8F1010F02D108
:106A0000B9F1010F01D00120DCE7022084F83E003B
:106A100002213F200155022084F842004320015505
:106A200015B1042D0CD105E001220021206801F0F0
:106A3000C7FD10E001220421206801F0C1FD0AE039
:106A400001220021206801F0BBFD01220421206801
:106A500001F0B6FD00BF00BF2068006840F00100F3
:106A6000216808600020ADE7704770B504462068D3
:106A7000C5682068066906F00200022819D105F0F1
:106A80000200022815D1401F2168086101202077EB
:106A90002068806900F0030018B12046FFF7E4FF8A
:106AA00005E0204600F000F9204600F0B4F900208F
:106AB000207706F00400042819D105F0040004280A
:106AC00015D1C043216808610220207720688069C1
:106AD00000F4407018B12046FFF7C6FF05E02046DD
:106AE00000F0E2F8204600F096F90020207706F04A
:106AF0000800082819D105F00800082815D1C0435E
:106B000021680861042020772068C06900F0030034
:106B100018B12046FFF7A8FF05E0204600F0C4F8B2
:106B2000204600F078F90020207706F010001028A9
:106B300019D105F01000102815D1C0432168086153
:106B4000082020772068C06900F4407018B1204602
:106B5000FFF78AFF05E0204600F0A6F8204600F087
:106B60005AF90020207706F0010048B105F0010035
:106B700030B16FF0010021680861204600F01AFA78
:106B800006F08000802809D105F08000802805D11A
:106B9000C043216808612046FFF78DFC06F04000E5
:106BA000402809D105F04000402805D1C0432168A4
:106BB0000861204600F00AFA06F02000202809D1DA
:106BC00005F02000202805D1C04321680861204637
:106BD000FFF772FC70BD000010B586B004460020BF
:106BE00002900390049005902A492068884217D1AA
:106BF00000BF2948806940F00400274988610846A1
:106C0000806900F00400019000BF00BF8815029069
:106C100002200390059002A92048FDF7EDFC36E024
:106C20002068B0F1804F17D100BF1B48806940F049
:106C30000400194988610846806900F00400019049
:106C400000BF00BF0120029002200390059002A91E
:106C50001248FDF7D1FC1AE011492068884216D18C
:106C600000BF0D48806940F008000B498861084664
:106C7000806900F00800019000BF00BF88150290F5
:106C800002200390059002A90648FDF7B5FC06B066
:106C900010BD0000002C014000100240000801401F
:106CA00000080040000C014070472DE9F041044607
:106CB0000D461646002700BF94F83C00012802D17B
:106CC0000220BDE8F081012084F83C0000BF36B10D
:106CD000042E1BD0082E31D00C2E5ED145E0294663
:106CE000206801F093FC2068806940F0080021686A
:106CF00088612068806920F004002168886120682C
:106D00008069296908432168886148E0294620682C
:106D100001F0B4FC2068806940F40060216888615B
:106D20002068806920F4806021688861206880691B
:106D3000296940EA01202168886130E029462068FD
:106D400001F0DAFC2068C06940F008002168C861E1
:106D50002068C06920F004002168C8612068C0690B
:106D6000296908432168C86119E02946206801F0B3
:106D7000FFFC2068C06940F400602168C861206899
:106D8000C06920F480602168C8612068C0692969F1
:106D900040EA01202168C86101E0012700BF00BF6F
:106DA00000BF002084F83C0000BF384689E710B5DA
:106DB00004460CB9012010BD94F83D0028B900200C
:106DC00084F83C00204600F025F8022084F83D00BD
:106DD000211D206801F09EFB012084F8460000BFC1
:106DE00084F83E0001213F200155402001554120FB
:106DF000015500BF00BF012084F842004320015527
:106E0000442001554520015500BF012084F83D0074
:106E10000020D0E77047704770B504460D4615B99D
:106E200094F83E000BE0042D02D13F20005D06E007
:106E3000082D02D14020005D01E04120005D0128C5
:106E400001D0012070BD1DB9022084F83E000EE083
:106E5000042D03D102213F20015508E0082D03D164
:106E600002214020015502E002214120015501226A
:106E70002946206801F0A4FB1F492068884203D0FE
:106E80001E492068884201D1012000E0002028B17D
:106E90002068406C40F4004021684864164920682E
:106EA000884213D01549206888420FD02068B0F17D
:106EB000804F0BD012492068884207D011492068C2
:106EC000884203D01049206888420CD1206880682D
:106ED00000F00706062E0CD02068006840F0010084
:106EE0002168086005E02068006840F00100216822
:106EF00008600020A6E70000002C0140003401409B
:106F00000004004000080040000C004030B504467A
:106F10000D4600222946206801F052FB23492068D3
:106F2000884203D022492068884201D1012000E034
:106F3000002090B100BF2068006A41F211110840A2
:106F400050B92068006A8910084028B92068406C50
:106F500020F400402168486400BF00BF2068006A38
:106F600041F21111084050B92068006A89100840A8
:106F700028B92068006820F001002168086000BF7F
:106F80001DB9012084F83E000EE0042D03D101213B
:106F90003F20015508E0082D03D101214020015573
:106FA00002E0012141200155002030BD002C0140AC
:106FB0000034014010B5044603492068884201D1DD
:106FC000FEF730FA10BD0000001000407047704717
:106FD000704700002DE9F84F0446206805682068D6
:106FE000C668206847694FF00009CA4605F00F09D6
:106FF000B9F1000F0AD105F0200038B106F02000E9
:1070000020B1204601F05EFCBDE8F88FB9F1000F19
:107010007BD007F0010018B906F49070002874D0F6
:1070200005F0010030B106F4807018B1606C40F0DA
:107030000100606405F0040030B107F0010018B1F0
:10704000606C40F00200606405F0020030B107F0AF
:10705000010018B1606C40F00400606405F00800A5
:1070600048B106F0200010B907F0010018B1606CBB
:1070700040F008006064606C002845D005F02000F6
:1070800028B106F0200010B1204601F01BFC20685A
:107090004069C0F3801A606C00F0080010B9BAF1C2
:1070A000000F2CD0204601F0C7FB2068406900F09B
:1070B000400000B300BF00BF2168143151E8001F39
:1070C00021F040002168143141E80002002AF3D188
:1070D00000BFE06B50B17748E16B4863E06BFDF7B0
:1070E000F7F888B1E06B416B88470DE02046FFF769
:1070F0006FFF09E009E02046FFF76AFF04E0204641
:10710000FFF766FF002060647EE7206B012877D1DF
:1071100005F01000002873D006F010000028FAD007
:1071200000BF002000902068006800902068406840
:10713000009000BF00BF2068406900F040000028B8
:107140005FD0E06B006840681FFA80F8B8F1000F6C
:1071500055D0A08D404552DDA4F82E80E06B8069AB
:10716000202843D000BF00BF21680C3151E8001F28
:1071700021F4807021680C3141E80002002AF3D12B
:1071800000BF00BF00BF2168143151E8001F21F08B
:1071900001002168143141E80002002AF3D100BF48
:1071A00000BF00BF2168143151E8001F21F04000EA
:1071B0002168143141E80002002AF3D100BF2020E9
:1071C00084F842000020206300BF00BF21680C311A
:1071D00051E8001F21F0100021680C3141E8000245
:1071E000002AF3D100BFE06BFDF746F80220606390
:1071F000A08DE28D801A81B22046FFF7E8FE03E7FA
:1072000042E0A08DE18D401A1FFA80F8E08DD0B3E6
:10721000B8F1000F37D000BF00BF21680C3151E832
:10722000001F21F4907021680C3141E80002002A0F
:10723000F3D100BF00BF00BF2168143151E8001F27
:1072400021F001002168143141E80002002AF3D145
:1072500000BF202084F842000020206300BF00BF50
:1072600021680C3151E8001F21F0100021680C3119
:1072700041E80002002AF3D100BF022060634146CA
:107280002046FFF7A4FEBFE605F0800030B106F00F
:10729000800018B1204601F011FCB5E605F0400071
:1072A00030B106F0400018B1204601F0FBFAABE621
:1072B00000BFA9E62588000810B504460CB90120D6
:1072C00010BDA06900B100E000BF94F8410028B9EA
:1072D000002084F84000204600F02AF8242084F89A
:1072E00041002068C06820F400502168C860204632
:1072F00001F066FB2068006920F490402168086175
:107300002068406920F02A00216848612068C06830
:1073100040F400502168C86000206064202084F898
:10732000410084F842000020606300BFC8E700000D
:1073300010B586B00446002002900390049005909A
:1073400057492068884238D100BF5648C06940F488
:1073500000205449C8610846C06900F4002001902B
:1073600000BF00BF00BF0846806940F01000886180
:107370000846806900F01000019000BF00BF0815AA
:107380000290022003900320059002A94648FDF7D1
:1073900033F94FF400600290002003900120049024
:1073A00002A94148FDF728F9002205213420FEF703
:1073B000EDF83420FEF7DAF86FE03C4920688842A7
:1073C00030D100BF3748806940F48040354988613A
:1073D0000846806900F48040019000BF00BF00BFF4
:1073E0000846806940F0040088610846806900F022
:1073F0000400019000BF00BF4815029002200390D6
:107400000320059002A92A48FDF7F6F84FF48060A2
:107410000290002003900120049002A92448FDF767
:10742000EBF83AE023492068884236D100BF1D4876
:10743000C06940F400301B49C8610846C06900F4C7
:107440000030019000BF00BF00BF0846806940F0D7
:10745000040088610846806900F00400019000BFC4
:1074600000BF04200290022003900320059002A98F
:107470000F48FDF7C1F8082002900020039001207A
:10748000049002A90A48FDF7B7F80022052126203A
:10749000FEF77CF82620FEF769F806B010BD000064
:1074A000004C004000100240001001400038014034
:1074B000000801400044004070472DE9F84F0446A1
:1074C0000E46174699464FF0000A94F841002028CE
:1074D00050D106B117B90120BDE8F88F00206064D3
:1074E000212084F84100FDF735FA8246A784E7841D
:1074F000A068B0F5805F04D1206910B90025B046BE
:1075000002E035464FF000081EE05346002280217D
:107510002046CDF8009001F001FB20B1202084F836
:1075200041000320D8E745B9B8F80000C0F30800CF
:107530002168486008F1020803E028782168486063
:107540006D1CE08C401EE084E08C0028DDD15346A9
:10755000002240212046CDF8009001F0DFFA20B152
:10756000202084F841000320B6E7202084F8410061
:107570000020B1E70220AFE7704700BFFEE70146F9
:1075800008684069C0F38020B0B16FF480600A6879
:10759000506100200863202081F83D00002081F820
:1075A0003E00086C40F00400086400BF002081F831
:1075B0003C0000BF012070470020FCE72DE9F843A4
:1075C00004460D4617469846E66A082E04D0012E5A
:1075D00002D016F5803F06D12068006840F4807024
:1075E0002168086008E0206B122805D12068006837
:1075F00040F48070216808603B4600224FF0011182
:107600002046CDF8008000F08CF960B12068006859
:1076100000F48070B0F5807F02D14FF400702064D8
:107620000320BDE8F8832069B0F5804F04D105F050
:10763000FE002168086112E005F44070F02141EA83
:10764000E0102168086143463A460B49204600F0A5
:10765000C7F908B10120E4E7E8B2216808614346B0
:107660003A460549891F204600F0BAF908B10120C1
:10767000D7E70020D5E70000080001002DE9F84316
:1076800004460F4615469946DDE9088620680068DD
:1076900040F48060216808602068006840F48070D1
:1076A00021680860434600224FF0011120460096F1
:1076B00000F037F960B12068006800F48070B0F520
:1076C000807F02D14FF4007020640320BDE8F8836E
:1076D00007F0FE0021680861334642463E492046D5
:1076E00000F07EF908B10120F0E700BF0020009013
:1076F00020684069009020688069009000BF00BF4A
:1077000032464146204600F02DFA50B1206C042844
:1077100005D12068006840F40070216808600120ED
:10772000D4E7B9F1010F03D1E8B22168086117E08D
:10773000C5F307202168086132464146204600F023
:1077400011FA50B1206C042805D12068006840F47B
:107750000070216808600120B8E7E8B2216808617C
:1077600032464146204600F0FDF950B1206C042815
:1077700005D12068006840F400702168086001208D
:10778000A4E72068006840F48070216808604346E0
:1077900000224FF001112046009600F0C2F858B1C7
:1077A0002068006800F48070B0F5807F02D14FF44B
:1077B00000702064032089E7F8B240F001002168DE
:1077C0000861334642460449204600F009F908B1F1
:1077D00001207BE7002079E7020001002DE9F84352
:1077E0000446884615469946DDE908672068006822
:1077F00040F4807021680860334600224FF0011188
:107800002046009700F08DF860B12068006800F411
:107810008070B0F5807F02D14FF4007020640320A7
:10782000BDE8F88308F0FE00216808613B46324657
:107830002149204600F0D4F808B10120F0E700BF4C
:1078400000200090206840690090206880690090C6
:1078500000BF00BF3A463146204600F083F950B1E0
:10786000206C042805D12068006840F4007021686D
:1078700008600120D4E7B9F1010F03D1E8B2216813
:10788000086117E0C5F30720216808613A463146D0
:10789000204600F067F950B1206C042805D120681B
:1078A000006840F40070216808600120B8E7E8B281
:1078B000216808610020B3E70200010070B50446AA
:1078C0000D46164625E02046FFF759FE08B1012077
:1078D00070BD681CE8B1FDF73DF8801BA84200D8D8
:1078E000BDB920684069C0F3800090B900202063D2
:1078F000202084F83D00002084F83E00206C40F0F9
:107900002000206400BF002084F83C0000BF01205C
:10791000DEE720684069C0F380000028D3D0002053
:10792000D6E72DE9F04104460D4617461E46DDF820
:10793000188038E0701CA8B3FDF70CF8A0EB080025
:10794000B04200D876BBC5F3074001280AD12068B1
:107950004069A9B20840A9B2884201D101200BE0D8
:10796000002009E020688069A9B20840A9B28842D5
:1079700001D1012000E00020B84214D10020206392
:10798000202084F83D00002084F83E00206C40F068
:107990002000206400BF002084F83C0000BF0120CC
:1079A000BDE8F081FFE7C5F3074001280AD1206850
:1079B0004069A9B20840A9B2884201D101200BE078
:1079C000002009E020688069A9B20840A9B2884275
:1079D00001D1012000E00020B842ABD00020DFE759
:1079E0002DE9F04104460D4616461F4658E0206832
:1079F0004069C0F38020E8B12068006840F400705E
:107A0000216808606FF4806021684861002020636D
:107A1000202084F83D00002084F83E00206C40F0D7
:107A20000400206400BF002084F83C0000BF012057
:107A3000BDE8F081701C90B3FCF78CFFC01BB04216
:107A400000D866BBC5F3074001280AD12068406909
:107A5000A9B20840A9B2884201D101200BE0002060
:107A600009E020688069A9B20840A9B2884201D122
:107A7000012000E0002090B900202063202084F83D
:107A80003D00002084F83E00206C40F0200020647F
:107A900000BF002084F83C0000BF0120C8E7FFE7DA
:107AA000C5F3074001280AD120684069A9B20840FF
:107AB000A9B2884201D101200BE0002009E0206832
:107AC0008069A9B20840A9B2884201D1012000E032
:107AD000002000288BD00020AAE770B504460D4690
:107AE000164637E020684069C0F30010A0B16FF07F
:107AF00010002168486100202063202084F83D00A8
:107B0000002084F83E00206C206400BF002084F830
:107B10003C0000BF012070BDFCF71CFF801BA84289
:107B200000D8BDB920684069C0F3801090B900202A
:107B30002063202084F83D00002084F83E00206C63
:107B400040F02000206400BF002084F83C0000BF0B
:107B50000120E0E720684069C0F380100028C1D010
:107B60000020D8E770B504460D46164625E02046AD
:107B7000FFF705FD08B1012070BD681CE8B1FCF7F6
:107B8000E9FE801BA84200D8BDB920684069C0F357
:107B9000C01090B900202063202084F83D00002010
:107BA00084F83E00206C40F02000206400BF0020DC
:107BB00084F83C0000BF0120DEE720684069C0F384
:107BC000C0100028D3D00020D6E72DE9F0410446AC
:107BD00004F0ACFD02280ED14FF47A70A4FB0060D3
:107BE00001464FF47A7200233046F8F70BFB054646
:107BF00003F08EFD02E02046FCF7D2FCBDE8F081E8
:107C000010B532221421A020FBF7ACFC08B90120EA
:107C100010BD0020FCE77CB506460C4615461CB19D
:107C20007019B0F5807F01D900207CBD3220234639
:107C300001223146CDE90050A020FBF7D5FC08B960
:107C40000120F2E70020F0E72DE9FC4705460F464A
:107C5000904627B105EB0800B0F5807F02D90020DF
:107C6000BDE8FC874646002425E0281900F00F00F7
:107C7000C0F1100A564501DA304600E05046814610
:107C800032203B19CDE900902819C1B20122A02071
:107C9000FBF7D0FC08B10020E2E70520FFF795FFD5
:107CA000FFF7AEFF08B90020DAE704EB090084B261
:107CB000A6EB090086B2002ED7D10120D0E7000044
:107CC0000EB50020009001900290234823490860DF
:107CD00081152248816001210173002101754FF453
:107CE0006021C16100201D49486004211B480161D9
:107CF000FCF7C0F808B1FBF778FF042000900120E2
:107D000001900720029069461448FBF7FFFF08B175
:107D1000FBF76BFF082000900220019069460F4896
:107D2000FBF7F4FF08B1FBF760FF09200090032088
:107D3000019069460948FBF7E9FF08B1FBF755FFD9
:107D40000A2000900420019069460448FBF7DEFFFA
:107D500008B1FBF74AFF0EBD0024014030010020AE
:107D600000B585B00020019002900390049000BF00
:107D70005C48806940F020005A4988610846806963
:107D800000F02000009000BF00BF00BF08468069DF
:107D900040F0100088610846806900F010000090F3
:107DA00000BF00BF00BF0846806940F00400886142
:107DB0000846806900F00400009000BF00BF00BFCB
:107DC0000846806940F0080088610846806900F034
:107DD0000800009000BF00BF012204214248FCF7C8
:107DE000B3FD002202214148FCF7AEFD0122110340
:107DF0003F48FCF7A9FD00224FF400713C48FCF716
:107E0000A3FD042001901120029000200390022085
:107E1000049001A93448FCF7EFFB08200190354895
:107E200002900020039001A92F48FCF7E5FB0220F7
:107E3000019001200290002003900220049001A9EB
:107E40002A48FCF7D9FB302001902B4802900020F3
:107E5000039001A92448FCF7CFFB4FF49050019008
:107E600001200290002003900220049001A92048E4
:107E7000FCF7C2FB4FF470700190002002900120CB
:107E8000039001A91848FCF7B7FB4FF4805001900C
:107E9000184802900020039001A91348FCF7ACFB9E
:107EA000002206210920FDF771FB0920FDF75EFB8A
:107EB000002206210A20FDF769FB0A20FDF756FB88
:107EC000002206211720FDF761FB1720FDF74EFB6E
:107ED000002206212820FDF759FB2820FDF746FB4C
:107EE00005B000BD00100240001001400008014034
:107EF000000C0140000021100000111010B50B48CB
:107F00000B4908600B484860002109488160C16046
:107F10004FF480410161002141618161C1610162D1
:107F2000FCF730FD08B1FBF760FE10BD00540040C7
:107F3000A4010020A086010010B50B480B49086081
:107F40000B484860002109488160C1604FF48041BE
:107F50000161002141618161C1610162FCF712FD93
:107F600008B1FBF742FE10BD00580040F8010020A8
:107F7000A086010010B50E480E4908604FF48270CB
:107F8000486000210B488160C160016141614FF48C
:107F9000007181611021C161002101624162816231
:107FA0000A21C162FDF7E0FF08B1FBF71EFE10BD1C
:107FB000003800404C02002000B595B00020119020
:107FC0001290139014900F9010901C2108A8F8F7AD
:107FD00073F920216846F8F76FF92C482C4908609E
:107FE0000020486000212A48816044F24F61C1604E
:107FF0000021016141618161FEF7E8FA08B1FBF7F8
:10800000F4FD4FF48050119011A92148FEF798FB20
:1080100008B1FBF7EAFD1E48FEF7C9FE08B1FBF701
:10802000E4FD00200F9010900FA91948FEF780FA88
:1080300008B1FBF7DAFD6020089042F22830099081
:1080400000200A900B900C900D900E90002208A931
:108050000F48FEF72AFE08B1FBF7C7FD002000908D
:1080600001900290039004904FF40050059000207E
:10807000079069460648FEF720FA08B1FBF7B5FD00
:108080000348FEF7A9FD15B000BD0000002C01401B
:10809000A402002000B58DB0002009900A900B903A
:1080A0000C90079008901C216846F8F705F94FF0EE
:1080B00080401F4908604720486000211C488160BB
:1080C00040F2E731C160002101618161FEF77EFA73
:1080D00008B1FBF78AFD4FF48050099009A91448B4
:1080E000FEF72EFB08B1FBF780FD1148FEF75FFE9F
:1080F00008B1FBF77AFD00200790089007A90C480B
:10810000FEF716FA08B1FBF770FD60200090002022
:10811000019002900490002269460548FEF7C5FDD3
:1081200008B1FBF762FD0248FEF756FD0DB000BD39
:10813000EC02002000B58BB0242102A8F8F7BCF8AF
:1081400000200090019019481949086000204860FB
:108150000021174881604FF6FF71C1600021016165
:1081600081610320029000200390012004900020F0
:10817000059006200690002007900120089000201E
:10818000099006200A9002A90948FEF75FFB08B192
:10819000FBF72BFD00200090019069460448FEF794
:1081A000C7F908B1FBF721FD0BB000BD000400408A
:1081B0003403002000B58DB0002009900A900B9088
:1081C0000C90079008901C216846F8F775F8204835
:1081D000204908600020486000211E48816040F668
:1081E0000F61C160002101618161FEF7EFF908B103
:1081F000FBF7FBFC4FF48050099009A91548FEF7E6
:108200009FFA08B1FBF7F1FC1248FEF7D0FD08B168
:10821000FBF7EBFC00200790089007A90D48FEF73C
:1082200087F908B1FBF7E1FC602000900020019085
:1082300002900490082269460648FEF736FD08B110
:10824000FBF7D3FC0348FEF7C7FC0DB000BD0000F0
:10825000000800407C03002010B50B480B49086063
:108260004FF4E1304860002108488160C16001613D
:108270000C21416100218161C161FFF71DF808B146
:10828000FBF7B3FC10BD0000004C0040C40300200D
:1082900010B50B480B4908604FF4E13048600021ED
:1082A00008488160C16001610C2141610021816148
:1082B000C161FFF701F808B1FBF797FC10BD0000A2
:1082C000003801400C04002010B50B480B49086031
:1082D0004FF416504860002108488160C160016178
:1082E0000C21416100218161C161FEF7E5FF08B108
:1082F000FBF77BFC10BD000000440040540400204C
:1083000000BFFEE700BFFEE708B508490968C908D5
:108310004FF47A72B1FBF2F14143009100BF00BF0C
:1083200000994A1E00920029F9D108BD0C000020D6
:10833000F8B504460E461546334601220221204672
:10834000009500F017F828B1606D40F020006065DE
:108350000320F8BD3346002280212046009500F01E
:1083600009F828B1606D40F0200060650320F0E757
:108370000020EEE72DE9F84F04460D4690461E46D4
:10838000DDF82890FCF7E6FAA0EB0900371AFCF7B5
:10839000E1FA82462C480068C0F3CB307843009065
:1083A00045E0701C002842D0FCF7D4FAA0EB0A008C
:1083B000B84200D2A7BB2068406820F0E0002168E6
:1083C00048606068B0F5827F0DD1A068B0F5004FBD
:1083D00003D0A068B0F5806F05D12068006820F058
:1083E000400021680860A06AB0F5005F0DD100BFB1
:1083F0002068006820F40050216808602068006848
:1084000040F400502168086000BF012084F851004A
:1084100000BF002084F8500000BF0320BDE8F88FA3
:10842000FFE7009800B900270098401E00902068E0
:1084300080682840A84201D1012000E0002040458A
:10844000AFD10020EAE700000C00002010B500BF0B
:10845000502080F31188BFF34F8FBFF36F8F00BFA1
:1084600004F07AF918B14FF080500449086000BF59
:10847000002080F3118800BF10BD000004ED00E073
:1084800000B595B028210BA8F7F716FF142106A810
:10849000F7F712FF18216846F7F70EFF01200B903F
:1084A00000040C9000200D9001200F9002201290EB
:1084B000C10313914FF4E01114910BA8FDF722FBB7
:1084C00008B1FBF792FB0F200690022007900020D6
:1084D00008904FF48060099000200A90022106A8BD
:1084E000FDF7CAF908B1FBF780FB0220009080037A
:1084F00002906846FDF728F908B1FBF776FB15B046
:1085000000BD704710B50248FEF7AFFA10BD00007D
:108510009C04002010B50268244B98420ED0244BD6
:1085200098420BD0B0F1804F08D0224B984205D032
:10853000214B984202D0214B984203D122F0700285
:108540004B681A43194B98420ED0194B98420BD0E6
:10855000B0F1804F08D0174B984205D0164B984287
:1085600002D0164B984203D122F44072CB681A43D2
:1085700022F080034C6943EA040202608B68C36204
:108580000B688362094B984202D0094B984201D193
:108590000B69036301234361036903F001031BB10A
:1085A000036923F00103036110BD0000002C0140AA
:1085B000003401400004004000080040000C00406E
:1085C00030B501F01F05012404FA05F3046A9C4349
:1085D0000462046A01F01F0502FA05F52C430462E7
:1085E00030BD30B50C46816821F47F4142EA032555
:1085F00025432943816030BD0A46816821F070011E
:1086000042F00703194381607047000030B5026AE9
:10861000056A25F0010505624368846924F0700449
:1086200024F003040D682C4322F002028D682A43D3
:10863000104DA84200D103E00F4DA84206D100BF63
:1086400022F00802CD682A4322F00402094DA84214
:1086500002D0094DA84207D123F4807323F400739C
:108660004D692B438D692B43436084614D6845639D
:10867000026230BD002C01400034014030B5026A76
:10868000056A25F0100505624368846924F4E04416
:1086900024F440740D6844EA052422F020028D6819
:1086A00042EA0512124DA84200D103E0114DA84242
:1086B00007D100BF22F08002CD6842EA051222F005
:1086C00040020B4DA84202D00A4DA84209D123F422
:1086D000806323F400634D6943EA85038D6943EAAF
:1086E0008503436084614D688563026230BD00008C
:1086F000002C01400034014030B5026A056A25F4BF
:10870000807505624368C46924F0700424F0030492
:108710000D682C4322F400728D6842EA0522124D46
:10872000A84200D103E0114DA84207D100BF22F4B6
:108730000062CD6842EA052222F480620A4DA84216
:1087400002D00A4DA84209D123F4805323F40053E8
:108750004D6943EA05138D6943EA05134360C4611B
:108760004D68C563026230BD002C014000340140F9
:1087700030B5036A056A25F4805505624468C2690C
:1087800022F4E04222F440720D6842EA052223F40A
:1087900000538D6843EA0533084DA84202D0084DC6
:1087A000A84204D124F480444D6944EA851444600D
:1087B000C2614D680564036230BD0000002C0140B9
:1087C0000034014030B50B461446026A056A25F0B4
:1087D00001050562816921F0F00141EA041122F0EE
:1087E0000A021A438161026230BD30B50B4614465D
:1087F000026A056A25F010050562816921F470415D
:1088000041EA043122F0A00242EA031281610262CD
:1088100030BD000010B50248FEF7DCFB10BD0000C3
:10882000C403002070B505466C6A0020E085E08432
:108830002046FEF7CDFB70BD00BF00BF02680C32C2
:1088400052E8002F22F4907102680C3242E80013C3
:10885000002BF3D100BF00BF00BF0268143252E802
:10886000002F22F001010268143242E80013002BAD
:10887000F3D100BF016B01290ED100BF00BF026818
:108880000C3252E8002F22F0100102680C3242E84C
:108890000013002BF3D100BF202180F842100021EB
:1088A0000163704710B504462068C06820F040009E
:1088B0002168C860202084F841002046FEF75CFE55
:1088C000002010BDF8B5044694F84200222875D166
:1088D000A068B0F5805F0CD1206950B90025A66A68
:1088E00020684068C0F308003080A06A801CA06245
:1088F00015E0A56A0026A068B0F5805F03D0A068E7
:1089000028B9206918B920684068287004E02068F8
:10891000406800F07F002870A06A401CA062E08DD3
:10892000401E80B2E085002846D12068C06820F053
:1089300020002168C8602068C06820F48070216829
:10894000C8602068406920F001002168486120204B
:1089500084F8420000206063206B012826D10020AB
:10896000206300BF00BF21680C3151E8001F21F0D7
:10897000100021680C3141E80002002AF3D100BF49
:108980002068006800F0100010280AD100BF002005
:10899000009020680068009020684068009000BF48
:1089A00000BFA18D2046FEF712FB02E02046FEF735
:1089B00083FD0020F8BD01E00020FBE70220F9E77D
:1089C00070B504462168096921F44051E2681143F9
:1089D000226811612269A1681143626941EA0205B6
:1089E0002168C96841F20C62914329432268D16031
:1089F0002168496921F44071A269114322685161DB
:108A00002D4A2168914202D1FDF734F801E0FDF7CB
:108A100021F800EBC00101EB001162689200B1FB8C
:108A2000F2F100EBC00202EB001263689B00B2FBA4
:108A3000F3F26423B2FBF3F202EBC20303EB021284
:108A4000A1EB8201322202EB01116422B1FBF2F1AF
:108A500001F0F00100EBC00202EB001263689B0022
:108A6000B2FBF3F26423B2FBF3F201EB021200EB70
:108A7000C00101EB001163689B00B1FBF3F100EB57
:108A8000C00303EB00136668B600B3FBF6F364267D
:108A9000B3FBF6F303EBC30606EB0313A1EB830171
:108AA000322303EB01116423B1FBF3F101F00F0159
:108AB00011442268916070BD00380140014691F870
:108AC0004100212828D18868B0F5805F0BD1086962
:108AD00048B90A6A1088C0F308000B685860086A31
:108AE000801C086205E00B6A581C086218780B6845
:108AF0005860C88C401E80B2C88458B90868C068E5
:108B000020F080000B68D8600868C06840F0400022
:108B10000B68D860002070470220FCE72DE9F8437D
:108B200004460D4617469846089E31E0701C70B307
:108B3000FBF710FFA0EB0800B04200D816B90320E5
:108B4000BDE8F8832068C06800F00400F8B1802D0B
:108B50001ED0402D1CD020680068C0F3C000B0B10A
:108B600000BF0020009020680068009020684068E6
:108B7000009000BF00BF2046FFF75EFE0820606443
:108B800000BF002084F8400000BF0120D8E7FFE7C5
:108B9000206800682840A84201D1012000E00020A0
:108BA000B842C3D00020CBE710B50248FEF712FA56
:108BB00010BD00005404002000BFFEE70FB47CB5D8
:108BC0000C0009AD01D0611E00E00021CDE90001DB
:108BD000064B6A462946089800F024F9002C02D07A
:108BE000009A002111707CBC5DF814FB2B950008E5
:108BF0007CB50C001D461646014601D0601E00E003
:108C00000020CDE90010064B6A462946304600F0A8
:108C100009F9002C02D0009A002111707CBD0000DF
:108C20002B95000802480068C0F30220704700003E
:108C30000CED00E010B5002804DB0A07130E054A0E
:108C4000135406E00A07140E034A00F00F031B1F1B
:108C5000D45410BD00E400E018ED00E000214FF016
:108C60007E50F7F7C5BB0121F7F7ACBC00210846E1
:108C7000F7F7BEBB02E008C8121F08C1002AFAD1EC
:108C800070477047002001E001C1121F002AFBD18C
:108C90007047000001490860704700002C01002067
:108CA0002DE9FF5F82B00021DDE90430020DDDF81F
:108CB00040B0034318D044F61050A2F2FF324243B2
:108CC0001514119801281FD0A5EB0B00401C5FEA7A
:108CD000000A4FF000064E4FDFF83891B04650467C
:108CE00015D5CAF1000413E0119801244AA3012804
:108CF00001D16FEA0B010298119AC0E90031C0E975
:108D0000024206B0BDE8F09FCBF10000DFE7044669
:108D10000021404A491842EB0450CDE9001012E00E
:108D2000E00707D032463B4640464946F7F7FDFC90
:108D30008046894632463B4610461946F7F7F5FC11
:108D400006460F466410002CEAD1DDE90401DDE996
:108D50000023BAF1000F06DAF7F7E7FC42464B466C
:108D6000F7F7E3FC05E0F7F752FD42464B46F7F70D
:108D70004EFD04460E460022284BF7F7CFFD03D8E0
:108D80004FF0FF30014607E00022254B20463146D8
:108D9000F7F724FCF7F7AAFD102409E0002C0ADB02
:108DA0000A220023F7F72EFA039B30321A55641E6D
:108DB00050EA0102F2D1641C039AC4F11103144475
:108DC000119A012A03D0012208430DD10AE0084379
:108DD00004D000204FF0110B119072E7A3EB0B05AC
:108DE0006D1E0DE05B4504DD4FF0000205F101054D
:108DF00004E003DA4FF00002A5F10105002AECD0EF
:108E000002981199C0E90231C0E9004579E70000F4
:108E1000000014400000F03F300000000000F0436C
:108E20000000E03F2DE9FF4F95B09A468846064680
:108E30000025EEE1252877D100242746F94A0121B3
:108E4000039400E0044316F8013F203B01FA03F0CD
:108E50001042F7D130782A2811D06FF02F033078E4
:108E6000A0F13002092A16D8039A44F0020402EB5A
:108E7000820203EB42021044761C0390EFE758F89D
:108E8000042B0392002A03DA504244F40054039066
:108E900044F00204761C30782E2816D116F8010F03
:108EA00044F004042A280DD06FF02F023078A0F18E
:108EB0003003092B09D807EB870302EB4303C718DC
:108EC000761CF3E758F8047B761C30786C280FD0BA
:108ED00006DC4C2817D068280DD06A2814D104E08D
:108EE000742810D07A280FD10DE044F400140AE061
:108EF00044F4801401E044F440147278824202D1B8
:108F000004F58014761C761C307866280BD013DCB0
:108F1000582877D009DC002875D04528F6D0462897
:108F2000F4D047281AD193E118E0632835D064289B
:108F300079D0652812D18BE1702873D008DC6728BE
:108F4000F1D069286FD06E280DD06F2806D1ACE023
:108F500073282CD0752874D0782853D0524617998E
:108F600090476D1C54E1C4F30250022809D0032835
:108F70000DD0D8F8001004280DD00D6008F10408B9
:108F800046E1D8F80010EA17C1E90052F6E7D8F830
:108F900000100D80F2E70D70F0E718F8041B8DF853
:108FA000001000208DF80100EB46012003E058F886
:108FB00004BB4FF0FF3061074FF0000102D40DE019
:108FC00009F101018946B9420FDA8145F8DB1BF846
:108FD00009100029F4D108E009F101018946814214
:108FE000FADB1BF809100029F6D103985346A0EBD1
:108FF000090721463846179A00F080FA284400EB0A
:10900000090507E044E008E10DE01BF8010B5246BA
:1090100017999047B9F10109F7D2534621463846CE
:10902000179AF2E039E00A21C4F302524FF0000B24
:109030000091022A06D058F8040BC117032A09D060
:109040000AE023E008F1070020F00702F2E802013D
:10905000904605E000B2C117042A01D140B2C11701
:10906000002906DA0A460021404261EB02012D2266
:1090700002E0220504D52B228DF80420012203E012
:10908000E20701D02022F7E7914657E00A2100E0ED
:1090900010214FF0000B00910BE010214FF0000B5E
:1090A00044F004040827009103E008204FF0000B6F
:1090B0000090C4F30252022A05D058F8040B002194
:1090C000032A08D008E008F1070020F00702F2E8C0
:1090D0000201904603E080B2042A00D1C0B24FF0F2
:1090E000000922072AD53278702A07D0DDF800C09F
:1090F0008CF0100C5CEA0B0C05D00EE040228DF8D1
:109100000420012208E050EA010306D030238DF844
:1091100004308DF8052002229146009B83F008035D
:1091200053EA0B030AD150EA010201D1620705D5C7
:1091300030228DF804204FF001097F1E3278582A22
:1091400004D039A20C920CAA02920BE03BA2F9E7E0
:109150005B46009AF7F756F80C9B9B5C029A521EEE
:109160000292137050EA0102F2D1029804A9081A7F
:1091700000F1200B600702D524F4803400E00127C1
:109180005F4502DDA7EB0B0000E0002000EB0B01C8
:10919000009003984944401A0390E00306D45346D4
:1091A0002146179A039800F0A9F90544002706E024
:1091B00001A85246C05D179990476D1C7F1C4F4512
:1091C000F6DBE0030CD553462146179A039800F0CE
:1091D00095F9054404E030205246179990476D1CDC
:1091E0000099481E00900029F5DC08E002980299D9
:1091F00052460078491C0291179990476D1CBBF1AB
:109200000001ABF1010BF1DC5BE100F065F9054415
:10921000761C307800287FF40DAE19B02846BDE8E2
:10922000F08F0000092801003031323334353637F1
:1092300038396162636465660000000030313233A2
:109240003435363738394142434445460000000042
:10925000600700D4062708F1070020F00700F0E8B7
:109260000223804603F0004C5FEA0C0001D097A077
:1092700009E0200501D596A005E0E00701D095A002
:1092800001E0AFF24C001390307823F000436528E2
:109290000CD006DC452809D046281DD047287FD1B0
:1092A0003BE0662818D067287AD136E00021112FDC
:1092B00001DB112000E0781CCDE9000104A90CA815
:1092C000FFF7EEFCDDE90D010C9A4FF0000B07F102
:1092D0000109109200914EE04FF000400097CDE957
:1092E000011004A90CA8FFF7DBFCDDE90D020C9BC3
:1092F0000F994FF0000B91461093009211B9791C11
:1093000000EB0109B7EB090003D4C0F1FF3B07F103
:109310000109A9EB0700019042E0012F00DA0127C3
:109320000021112F01DD112000E03846CDE90001B8
:1093300004A90CA8FFF7B4FCDDE90D010C9A00911B
:109340004FF0000BB946109221070FD4009A4A45FE
:1093500003DA914601E0A9F10109B9F1010F05DD38
:10936000109AA9F10101515C3029F4D0B84202DA17
:1093700010F1040F03DA0121CDE9011010E00028FB
:1093800003DC8344A9EB000102E0411C494500DDF8
:109390008946A0EB0B00401C01904FF0004002906A
:1093A000200705D40198484502DB4FF0FF300190BB
:1093B00000208DF84B0002980DF14B07B0F1004FE3
:1093C00025D002200C902B200D90029800280CDA5A
:1093D000404202902D200D9007E00A210298F7F7F5
:1093E00095F83031029007F8011D0C99481E0C9039
:1093F0000029F2DC02980028EFD1791E0D98087040
:10940000307800F0200040F0450007F8020D11A868
:10941000C01BC01D02901398007800B1012000EB22
:109420000901019801EBE071029801440398401A88
:10943000401E0390E00306D453462146179A039832
:1094400000F05CF805441398007818B1524617995B
:1094500090476D1CE00323D553462146179A039885
:1094600000F04CF805441BE0BBF1000F07DB00984F
:10947000584504DD1098179910F80B0001E0179972
:1094800030205246904701980BF1010B401E05F128
:109490000105019004D12E205246179990476D1C6A
:1094A000B9F10001A9F10109DEDC05E017F8010BB3
:1094B0005246179990476D1C0299481E0290002948
:1094C000F4DC53462146179A03989EE62D000000CF
:1094D0002B000000200000002DE9F041044600258B
:1094E0001E461746880404D405E039462020B047BC
:1094F0006D1C641EF9D52846BDE8F0812DE9F041C8
:10950000044600251E469046C80301D5302700E0DA
:109510002027880404D505E041463846B0476D1C35
:10952000641EF9D52846BDE8F0814A68002A06D0B5
:109530000A68531C0B6010704868401E48607047F2
:10954000F0B504461D46002610464FEAE27C02EBC9
:109550005C7CCCF3C7034FEAE27C02EB5C7C4FEA15
:10956000EC0CA2EBCC0C0CF0FF070120B840C6B20B
:1095700065B104F13B0000EBC100C05C304304F175
:109580003B0C0CEBC10C0CF803000BE004F13B00AE
:1095900000EBC100C05CB04304F13B0C0CEBC10C10
:1095A0000CF803000020F0BD2DE9FF4F83B0884682
:1095B00017461E46DDE9104901972046E31704EBE4
:1095C0005373DB1021464FEAE47C04EB5C7C4FEAEA
:1095D000EC0CA4EBCC0CBCF1000F02D04FF0010C52
:1095E00001E04FF0000C6344224604EBD27C4FEACA
:1095F0006C0C03FB0CF303F0FF0BA6F12000C6B2CA
:10960000002558E00C2C07D106EB46002C4901EB55
:109610008000405D029015E0102C05D1294800EB38
:109620000610405D02900DE0182C07D106EBC60035
:10963000254901EB8000405D029003E0012007B066
:10964000BDE8F08F4FF0000A2FE0029800F0800094
:1096500040B14B463A4641460398FFF771FF80B14F
:109660000120ECE7B9F1000F01D1012000E000205A
:1096700003463A4641460398FFF762FF08B10120CE
:10968000DDE702984006000E0290781CC7B20198F0
:10969000381AA04205D1019F08F1010000F0FF082F
:1096A00006E00AF1010000F0FF0ABAF1080FCCDB76
:1096B00000BF681CC5B25D45A4DB0020BFE7000009
:1096C000C0CF000834D4000824DA00082DE9F041A6
:1096D00004460D4616461F4694F83A00D8B96FB1B5
:1096E00094F8390033462A464021D4F808C0E047B0
:1096F00010B10120BDE8F0810020FBE794F83900AB
:1097000033462A460021D4F808C0E04708B10120BA
:10971000F0E70020EEE794F83A00012811D138462E
:10972000216A88478046B8F1000F01D00120E1E7A7
:10973000314628466269904708B10120DAE70020E7
:10974000D8E70120D6E7F7B50446154694F83A0065
:10975000C0B95DB194F83900012301AA4021A7687E
:10976000B84708B10120FEBD0020FCE794F839009D
:10977000012301AA0021A768B84708B10120F2E738
:109780000020F0E794F83A0001280FD12846216A1A
:10979000884706460EB10120E5E7012101A862696C
:1097A000904708B10120DEE70020DCE70120DAE77E
:1097B0002DE9F0410026A0F50001B1F1FE4F7DD268
:1097C00000F500226FF07E0101EBE251C2F302547A
:1097D00077184FF07E52A0EBC15602EB045557EAC2
:1097E000040047D029463046F6F778FD80462946E2
:1097F0003046F6F7C5FD4146F6F7FAFD0546014647
:10980000F6F7C4FD80464549F6F7C0FD4449F6F732
:1098100065FD064641462846F6F7B8FD3146F6F79F
:10982000B5FD06463846F6F721FE07463D49F6F7F0
:10983000ADFD3D49794451F82410F6F74FFD31460E
:10984000F6F74CFD064601212846F6F7BBFE3146E9
:10985000F6F744FD054638463449F6F797FD344996
:10986000794451F82410F6F739FD2946BDE8F04156
:10987000F6F734BD4FF07E513046F6F781FD0546D0
:109880002C49F6F783FD2C49F6F728FD2946F6F713
:109890007DFD2A49F6F722FD2946F6F777FD6FF0A0
:1098A0008241F6F71BFD044629460846F6F76EFD91
:1098B0002146F6F76BFD0146284600E003E0BDE8CF
:1098C000F041F6F70BBD4FF07F42B2EB400F03D2F1
:1098D000BDE8F041FFF7C7B9B0F1FF4F08BFBDE8E1
:1098E000F081B0F1004F06D90120FFF7D3F9BDE8B0
:1098F000F041FFF7BBB930F0004105D06FF016061C
:109900001721F6F75FFE5BE70220FFF7C3F9FFF7C9
:10991000A5F980F00040BDE8F081000066F1CC3E82
:10992000AAAA2A3FF4FD0538704F00000070313FAD
:10993000244F000021ED423E0A1180BEC1ABAA3E79
:10994000FBF77CFDFEF79CFDFEF70AFAFEF7B8F97F
:10995000FEF7D4FAFEF7F0FAFEF70CFBFEF72CFB4D
:10996000FEF798FBFEF7E6FBFEF724FCFEF774FC1F
:10997000FEF78EFCFEF7A8FCF9F7C0FA00BFFEE781
:109980002DE9F04705460E46294807682948D0F8D2
:1099900000802948D0F8009028480068001D01F098
:1099A000D3FC50B92548006890F82C10012088405D
:1099B00023490968814322480160681CE0B9DEB18F
:1099C00000BF204948681D49096888601B498268B2
:1099D0000968CA6019490968091D826851601749F8
:1099E0000968091D8160174A144909684A611146CE
:1099F0000968491C116018E07C191048006844602F
:109A0000BC4206D20D480168091D484601F018FD08
:109A10000BE00A480168091D404601F011FD0A48A3
:109A20000068844201D208480460BDE8F087000065
:109A3000C4000020B4000020B8000020B0000020C6
:109A4000C8000020F00A0020E000002010B5044605
:109A500001F010FD32480068401C3149086031486F
:109A6000006840B92F4804600846006801280DD1FD
:109A700000F094FA0AE02C48006838B929480068D8
:109A8000C06AE16A884201D8264804602748006815
:109A9000401C2649086000BF94F82C100120884023
:109AA0002349096808432249086000BFE16A01EBC5
:109AB0008101204A02EB81014868A0608268E2606F
:109AC000211D826851608160E16A01EB8101194AC0
:109AD00002EB81026261E16A01EB8101154A52F8F1
:109AE0002110491CE26A02EB8202124B43F8221059
:109AF00000BF00BF01F0E8FC0B48006878B100BF70
:109B000008480068C06AE16A884207D24FF0805076
:109B100009490860BFF34F8FBFF36F8F00BF10BDBF
:109B2000C0000020B0000020CC000020DC0000209D
:109B3000C80000203C0A002004ED00E010B501F050
:109B400099FC10480068D0B90F4801F069FC0F4833
:109B500001F066FC0C480E4908600C480D4908608D
:109B6000002210210A2002F0FEF80649086008468B
:109B7000006820B108A10348006801F073FD01F0FE
:109B8000A3FC10BDF8000020040B0020180B0020DF
:109B9000F0000020F4000020546D7251000000001D
:109BA00010B516E001F066FC0C48C068C468201DC2
:109BB00001F0CAFB0A480068401E094908600948CC
:109BC0000068401E0749086001F07EFC204600F056
:109BD000C0F8044800680028E4D110BDDC0A002069
:109BE000C0000020BC00002070B504460D46206C6B
:109BF00070B1216CE0680144E160D4E90210884250
:109C000001D32168E1602846226CE168F6F73BFB4E
:109C100070BD2DE9F04104460F4615464FF000088F
:109C2000A66B206C48B9206800282CD1A06802F0EF
:109C300079FE80460020A06025E07DB93946226C7F
:109C40006068F6F720FB216C606808446060D4E926
:109C50000101884217D32068606014E03946226C05
:109C6000E068F6F710FB216CE068411AE1602168BA
:109C7000E068884203D2216CA068411AE160022D9D
:109C800001D106B1761E701CA0634046BDE8F0818C
:109C9000F0B587B001260027002408E012A0005D7F
:109CA00003A9085503A8005D00B902E0641C102C4C
:109CB000F4DB00BF002510E00D4F0E4800EB8500DF
:109CC00000210B468022CDE9001003A9384602F09E
:109CD0001BFC064606B902E06D1C012DECDB00BF43
:109CE000304607B0F0BD000049444C45000000007C
:109CF0000D9E0008E40000202DE9FF5F074688461E
:109D000016469946DDE90EABB00000F0E9FB0546CA
:109D100075B1542000F0E4FB04462CB154212046D8
:109D2000F6F7CAFA256304E0284601F0EBFB00E0F1
:109D3000002454B100204B4632464146CDE900ABE9
:109D4000CDE90240384600F097F8204604B0BDE85F
:109D5000F09F10B50446206B01F0D4FB204601F0C3
:109D6000D1FB10BD01464A6A22B10A6B1268C2F1EA
:109D7000050000E0002070470146084A126812689A
:109D80000AB9012200E000220A600A6822B9034AE7
:109D90001268D268106800E000207047F0000020D0
:109DA00030B54FF40043144800F007042CB1C01D37
:109DB00020F00700104C041B1B1B104C20600024DB
:109DC0000E4D6C60C218083A22F007020C4C22605B
:109DD00000240B4D2D686C60094D2D682C600146E8
:109DE000541A4C60064C24680C60064D4C682C607C
:109DF000054D4C682C6030BD2C0B00200401002068
:109E00000C010020140100201001002000BFFFF70A
:109E1000C7FE064800680128F9D94FF08050044970
:109E20000860BFF34F8FBFF36F8FF0E73C0A00204D
:109E300004ED00E010B5044654B10020A06020609D
:109E40000021E16000231A461946204602F02CF852
:109E500010BD2DE9F04106460D4617469846069C72
:109E60000DB9246000E02760E663256401212046E7
:109E700001F0ACFFBDE8F0812DE9F05F82460F46AE
:109E800090469B460A9E0C9C4FEA8801A522206BB7
:109E9000F6F70BFAA8F10100216B01EB800929F01C
:109EA000070909F0070008B9012000E0002050B9B7
:109EB00000BF502080F31188BFF34F8FBFF36F8F27
:109EC00000BF00BFFEE77FB1002507E0795D04F128
:109ED00034004155785D00B902E06D1C102DF5D3BA
:109EE00000BF002143200155052E01D2012000E0D2
:109EF000002050B900BF502080F31188BFF34F8F6E
:109F0000BFF36F8F00BF00BFFEE7052E00D304260E
:109F1000E6626664201D01F090FA04F1180001F079
:109F20008CFA2461C6F10500A06164625A4651466C
:109F3000484600F0DFFB20600B9808B10B980460E6
:109F4000BDE8F09F2DE9F04706460D4617469846B6
:109F5000DDE908940DB1012000E0002050B900BFF8
:109F6000502080F31188BFF34F8FBFF36F8F00BF76
:109F700000BFFEE7FFF7E2FD2660A561C4F81C8084
:109F8000C4F82090201D01F058FA2FB194F8240055
:109F900040F0040084F82400BDE8F08710B50024E8
:109FA00007E004EB84010F4A02EB810001F038FA6C
:109FB000641C052CF5D30C4801F032FA0B4801F073
:109FC0002FFA0B4801F02CFA0A4801F029FA0A4846
:109FD00001F026FA04480949086004480849086065
:109FE00010BD00003C0A0020A00A0020B40A002096
:109FF000C80A0020DC0A0020F00A0020B40000207B
:10A00000B800002010B50146224800E0006803684F
:10A010008B42FBD31F4B984214D01F4B984204D362
:10A020001E4B984201D8012300E0002353B900BF22
:10A03000502383F31188BFF34F8FBFF36F8F00BF9F
:10A0400000BFFEE70246436813448B4204D14368D5
:10A050004C682344436001460A464B681344046835
:10A06000A34211D10E4C03682468A34208D04B6868
:10A070000468646823444B6003681B680B6005E058
:10A08000074B1B680B6001E003680B60884200D03F
:10A09000016010BD040100202C0B00202B8B002040
:10A0A0000C0100202DE9F04104460D4616461F46DE
:10A0B0004FF0000865602461B5420CD8F01BA1691F
:10A0C000884202D34FF0010811E0211D09480068C1
:10A0D00001F0B6F90BE0BE4204D2BD4202D34FF00C
:10A0E000010804E0211D0448006801F0A9F9404678
:10A0F000BDE8F081F4000020F000002070B50546B6
:10A1000001F0B8F9A86B08B9012400E0002401F0BF
:10A11000DBF9204670BD70B5054601F0ABF9A86BC0
:10A12000E96B884201D1012400E0002401F0CCF960
:10A13000204670BD70B505460E460E480068C068E2
:10A14000C468201D01F000F994F8240000F0040018
:10A1500028B132462946204600F0F2F805E094F88E
:10A16000240000F0FE0084F824002046216A88477D
:10A1700070BD0000F000002070B586B00020029095
:10A1800003900490059094E00298002811DA03AE41
:10A1900056B900BF502080F31188BFF34F8FBFF333
:10A1A0006F8F00BF00BFFEE7D6E90020B16890477F
:10A1B00000BF029800287CDB049C606908B901207C
:10A1C00000E0002010B9201D01F0BEF801A800F049
:10A1D000E3F8054602980A2869D2DFE800F068052E
:10A1E000072E365806082F3700BF00BF00BF94F86F
:10A1F000240040F0010084F824000398A26981182B
:10A2000003462A462046FFF74DFFA8B194F82400E4
:10A2100000F0040038B10398A26981182A4620464C
:10A2200000F08EF805E094F8240000F0FE0084F8B9
:10A2300024002046216A88473AE000BF94F82400B1
:10A2400000F0FE0084F8240032E000BF94F82400FF
:10A2500040F0010084F824000398A061A06908B1CF
:10A26000012000E0002050B900BF502080F3118889
:10A27000BFF34F8FBFF36F8F00BF00BFFEE7A06932
:10A2800041192B462A462046FFF70CFF10E094F8B0
:10A29000240000F0020018B9204601F033F905E06F
:10A2A00094F8240000F0FE0084F8240000E000BFD1
:10A2B00000BF002202A90448006801F05FFF0028E7
:10A2C0007FF462AF06B070BDF8000020F8B5054617
:10A2D0000C4601F047FC684600F05EF80646009820
:10A2E00020BB44B9B54206D802F0AAFC3146284644
:10A2F000FFF720FF1CE03CB10E480068006808B979
:10A30000012000E000200446A91B22460A480068FC
:10A3100001F0D8F902F094FC50B94FF08050074991
:10A320000860BFF34F8FBFF36F8F01E002F088FC2E
:10A33000F8BD0000F4000020F800002004ED00E06B
:10A3400070B504460D46164604E0A0690544204653
:10A35000216A8847A06941192B4632462046FFF7FB
:10A36000A1FE0028F1D170BD09480068006808B955
:10A37000012000E0002020B14FF0FF3005490860C7
:10A3800005E003480068C06800680249086070473B
:10A39000B4000020E000002070B5044602F0D6F9B9
:10A3A000054607480068854204D200F00BF80120FA
:10A3B000206001E00020206001480560284670BD53
:10A3C0000001002070B508E00D480068C06804680E
:10A3D0004FF0FF312046FFF7ADFE094800680068E6
:10A3E00008B9012000E000200028EDD004480568ED
:10A3F00004480068024908600248056070BD00001A
:10A40000F0000020F40000200E480068401C08B94D
:10A41000012000E0002050B900BF502080F31188D7
:10A42000BFF34F8FBFF36F8F00BF00BFFEE700BFCA
:10A43000502080F31188BFF34F8FBFF36F8F00BFA1
:10A4400000BFFEE72001002008B500BF6846FFF707
:10A4500093FC044620460099FFF738FFFFF78CFE77
:10A46000F4E770B5044601F005F894F9455010E0A2
:10A47000606A08B9012000E0002038B904F1240026
:10A4800002F046FB18B101F049FA00E003E0681E53
:10A4900045B2002DECDC00BFFF2084F8450001F040
:10A4A00013F800F0E7FF94F9445010E0206908B970
:10A4B000012000E0002048B904F1100002F028FB60
:10A4C00008B101F02BFA681E45B200E001E0002D52
:10A4D000ECDC00BFFF2084F8440000F0F5FF70BD05
:10A4E0002DE9F04705464FF00008DDB115F1090FE1
:10A4F00001D9012000E0002098B9083505F00700D7
:10A5000080B105F00700C0F10809C9F1FF30A84289
:10A5100001D2012000E0002008B94D4402E00025EE
:10A5200000E0002501F01EFB6648006808B9FFF74F
:10A5300037FC012000EBE570002877D0002DFCD01F
:10A5400061480068854271D8604E304604686048B2
:10A55000844204D35F48844201D8012000E00020F7
:10A5600050B900BF502080F31188BFF34F8FBFF365
:10A570006F8F00BF00BFFEE716E0264624685448F0
:10A58000844204D35348844201D8012000E00020D3
:10A5900050B900BF502080F31188BFF34F8FBFF335
:10A5A0006F8F00BF00BFFEE76068A84202D220683C
:10A5B0000028E2D143480068844267D0306800F147
:10A5C00008084348804504D34248804501D801200B
:10A5D00000E0002050B900BF502080F31188BFF385
:10A5E0004F8FBFF36F8F00BF00BFFEE72068306062
:10A5F0006068A84201D2012000E0002080F0010044
:10A6000050B900BF502080F31188BFF34F8FBFF3C4
:10A610006F8F00BF00BFFEE76068401B10281AD98B
:10A62000671907F0070010B9012001E02EE00020B3
:10A6300050B900BF502080F31188BFF34F8FBFF394
:10A640006F8F00BF00BFFEE76068401B78606560E9
:10A650003068386037601C4960680968081A1A4910
:10A660000860084600681C490968884203D21648F9
:10A67000006819490860606840F000406060002090
:10A68000206016480068401C1449086002F0D8FA9F
:10A69000B8F1000F01D100F071FE08F0070008B911
:10A6A000012000E0002050B900BF502080F3118845
:10A6B000BFF34F8FBFF36F8F00BF00BFFEE7404671
:10A6C000BDE8F0870C0100201001002004010020EB
:10A6D0002C0B00202B8B00201401002018010020DF
:10A6E0000349086810B1816C491C816470470000FF
:10A6F000B0000020001F4FF080730360001F21F0A6
:10A7000001030360001F034B03601438026020380C
:10A710007047000009A4000870B5A0B0044614B941
:10A72000022020B070BD94F83800012801D0032029
:10A73000F7E700253FE005F1B000C1B20022204656
:10A74000FFF701F820B11EA0216B88470120E8E740
:10A75000002211462046FEF7F6FF20B118A0216B1B
:10A7600088470120DDE7002210212046FEF7EBFF9D
:10A7700020B113A0216B88470120D2E700260AE010
:10A78000002104F13B0000EBC600415500200DF80C
:10A790000600701CC6B2802EF2DB012380226946BF
:10A7A0002046FEF793FF20B10DA0216B88470120C2
:10A7B000B7E7681CC5B2082DBDDB0020B1E700007B
:10A7C000737364313331353A20777269746520626E
:10A7D000797465206661696C65642E0A000000006A
:10A7E000737364313331353A207772697465207040
:10A7F000616765206661696C65642E0A000000006F
:10A8000070B5A0B0044614B9022020B070BD94F811
:10A810003800012801D00320F7E700253DE005F1CD
:10A82000B000C1B200222046FEF78DFF20B11DA06E
:10A83000216B88470120E8E7002211462046FEF7F9
:10A8400082FF20B117A0216B88470120DDE700229D
:10A8500010212046FEF777FF20B112A0216B884718
:10A860000120D2E7002608E004F13B0000EBC6001F
:10A87000405D0DF80600701CC6B2802EF4DB01238B
:10A88000802269462046FEF721FF20B10DA0216BF2
:10A8900088470120B9E7681CC5B2082DBFDB00203E
:10A8A000B3E70000737364313331353A207772694E
:10A8B00074652062797465206661696C65642E0A2E
:10A8C00000000000737364313331353A20777269C8
:10A8D00074652070616765206661696C65642E0A25
:10A8E000000000002DE9FC4706460F4690461D4635
:10A8F000DDE90A9A0C9C16B90220BDE8FC8796F89F
:10A900003800012801D00320F7E77F2F02DCB8F1DF
:10A910003F0F04DD1CA0316B88470420EDE728E0E1
:10A9200004EBD4714910C1F17F01B94204DA002768
:10A9300008EB040000F0FF08C4F13F00404502DAD4
:10A94000002007468046CDE9004A2B78424639462A
:10A950003046FEF729FE08B10120CEE7204604EB81
:10A96000D07107EB6101CFB26D1CA9F101001FFA94
:10A9700080F9B9F1000F05D028787E2802DC28780C
:10A980002028CDDA0020B8E7737364313331353ACB
:10A990002078206F72207920697320696E76616C4F
:10A9A00069642E0A0000000010B504460CB90220AC
:10A9B00010BD206B08B90320FAE7206820B95AA01F
:10A9C000216B88470320F3E7606820B95DA0216B05
:10A9D00088470320ECE7A06820B962A0216B884774
:10A9E0000320E5E7E06820B966A0216B88470320D3
:10A9F000DEE7206920B96AA0216B88470320D7E7EA
:10AA0000606920B96EA0216B88470320D0E7606B96
:10AA100020B974A0216B88470320C9E7A06920B939
:10AA200077A0216B88470320C2E7E06920B97FA0A7
:10AA3000216B88470320BBE7206A20B986A0216BE1
:10AA400088470320B4E7606A20B98EA0216B88474D
:10AA50000320ADE7A06A20B993A0216B88470320AB
:10AA6000A6E7E06A20B99AA0216B884703209FE7F8
:10AA7000A069804720B19FA0216B8847052097E7F8
:10AA8000606A804730B1A6A0216B8847E0698047A3
:10AA900004208DE70020E16A884740B1A9A0216B1E
:10AAA0008847E0698047A06A8047042080E76420E7
:10AAB000616B88470120E16A884740B1A1A0216B02
:10AAC0008847E0698047A06A8047042070E794F8CF
:10AAD0003A0058B92068804708B3A3A0216B884783
:10AAE000E0698047A06A8047012061E794F83A0056
:10AAF00001280BD1E068804788B1A2A0216B88476C
:10AB0000E0698047A06A8047012051E7A4A0216B3B
:10AB10008847E0698047A06A8047062048E701200F
:10AB200084F83800002043E7737364313331353AD9
:10AB3000206969635F696E6974206973206E756C42
:10AB40006C2E0A00737364313331353A20696963BE
:10AB50005F6465696E6974206973206E756C6C2E14
:10AB60000A000000737364313331353A2069696338
:10AB70005F7772697465206973206E756C6C2E0A3C
:10AB800000000000737364313331353A207370690B
:10AB90005F696E6974206973206E756C6C2E0A0093
:10ABA000737364313331353A207370695F6465695A
:10ABB0006E6974206973206E756C6C2E0A0000003B
:10ABC000737364313331353A207370695F7772691A
:10ABD00074655F636D64206973206E756C6C2E0AFA
:10ABE00000000000737364313331353A2064656CC2
:10ABF00061795F6D73206973206E756C6C2E0A002D
:10AC0000737364313331353A207370695F636D64F7
:10AC10005F646174615F6770696F5F696E697420FA
:10AC20006973206E756C6C2E0A00000073736431BA
:10AC30003331353A207370695F636D645F646174AA
:10AC4000615F6770696F5F6465696E6974206973BD
:10AC5000206E756C6C2E0A00737364313331353A93
:10AC6000207370695F636D645F646174615F6770B6
:10AC7000696F5F7772697465206973206E756C6C9B
:10AC80002E0A0000737364313331353A20726573D4
:10AC900065745F6770696F5F696E6974206973209E
:10ACA0006E756C6C2E0A0000737364313331353A63
:10ACB0002072657365745F6770696F5F6465696E44
:10ACC0006974206973206E756C6C2E0A0000000098
:10ACD000737364313331353A2072657365745F671D
:10ACE00070696F5F7772697465206973206E756C27
:10ACF0006C2E0A00737364313331353A20737069F6
:10AD000020636D642064617461206770696F2069DD
:10AD10006E6974206661696C65642E0A000000002B
:10AD2000737364313331353A20726573657420670B
:10AD300070696F20696E6974206661696C65642E44
:10AD40000A000000737364313331353A2072657341
:10AD50006574206770696F20777269746520666119
:10AD6000696C65642E0A0000737364313331353ABF
:10AD70002069696320696E6974206661696C656425
:10AD80002E0A0000737364313331353A20737069D1
:10AD900020696E6974206661696C65642E0A000022
:10ADA000737364313331353A20696E74657266614C
:10ADB000636520697320696E76616C69642E0A0090
:10ADC00002460AB90220704782F839100020FAE7DB
:10ADD000F8B504460E4615460CB90220F8BD94F8A5
:10ADE0003800012801D00320F8E78D208DF80000FD
:10ADF000102040EA8600690840EAC11005F0010110
:10AE00000843C0B28DF801000023022269462046A3
:10AE1000FEF75CFCE2E7F8B504460D4616460CB9B1
:10AE20000220F8BD94F83800012801D00320F8E78B
:10AE3000DA208DF80000280140EA4610801CC0B2DC
:10AE40008DF801000023022269462046FEF73EFCF1
:10AE5000E7E738B504460D460CB9022038BD94F832
:10AE60003800012801D00320F8E781208DF8000088
:10AE70008DF801500023022269462046FEF726FC89
:10AE8000ECE738B504460D460CB9022038BD94F8FD
:10AE90003800012801D00320F8E7DB208DF80000FE
:10AEA0002807000E8DF80100002302226946204683
:10AEB000FEF70CFCEAE770B504460D460CB902201B
:10AEC00070BD94F83800012801D00320F8E72DB1B7
:10AED0000022AF212046FEF736FCF1E70022AE212A
:10AEE0002046FEF730FCEBE7F8B504460D46164663
:10AEF0000CB90220F8BD94F83800012801D00320D5
:10AF0000F8E70F2D04DD0DA0216B88470420F1E741
:10AF10000F2E04DD14A0216B88470520EAE7D52019
:10AF20008DF8000046EA0510C0B28DF8010000233C
:10AF3000022269462046FEF7C9FBDBE773736431E2
:10AF40003331353A206F7363696C6C61746F7220B2
:10AF50006672657175656E637920697320696E76B6
:10AF6000616C69642E0A0000737364313331353AC1
:10AF700020636C6F636B2064697669646520697314
:10AF800020696E76616C69642E0A000070B5044613
:10AF90000D460CB9022070BD94F83800012801D08C
:10AFA0000320F8E72DB10022A7212046FEF7CBFBB6
:10AFB000F1E70022A6212046FEF7C5FBEBE70000E3
:10AFC00038B504460D460CB9022038BD94F8380057
:10AFD000012801D00320F8E73F2D04DD08A0216BF4
:10AFE00088470420F1E7D3208DF800008DF8015048
:10AFF0000023022269462046FEF768FBE5E70000D1
:10B00000737364313331353A206F6666736574202B
:10B01000697320696E76616C69642E0A0000000015
:10B0200070B504460D460CB9022070BD94F8380086
:10B03000012801D00320F8E73F2D04DD06A0216B95
:10B0400088470420F1E705F03F0040F0400100226E
:10B050002046FEF778FBE8E7737364313331353A05
:10B06000206C696E6520697320696E76616C696415
:10B070002E0A000070B504460D460CB9022070BDC2
:10B0800094F83800012801D00320F8E72DB1002200
:10B09000A5212046FEF757FBF1E70022A421204618
:10B0A000FEF751FBEBE702460AB90220704782F82F
:10B0B0003A100020FAE738B504460D460CB90220D4
:10B0C00038BD94F83800012801D00320F8E720208B
:10B0D0008DF800008DF801500023022269462046B9
:10B0E000FEF7F4FAECE7000038B504460D460CB95B
:10B0F000022038BD94F83800012801D00320F8E779
:10B100000F2D04DA0BA0216B88470420F1E73F2DB7
:10B1100004DD11A0216B88470520EAE7A8208DF8FF
:10B1200000008DF801500023022269462046FEF7F8
:10B13000CDFADEE7737364313331353A206D756CC7
:10B140007469706C657820697320746F6F20736DFB
:10B15000616C6C2E0A000000737364313331353A30
:10B16000206D756C7469706C657820697320746FDC
:10B170006F206C617267652E0A000000F8B5044606
:10B180000D4616460CB90220F8BD94F83800012887
:10B1900001D00320F8E70F2D04DD0DA0216B8847B7
:10B1A0000420F1E70F2E04DD12A0216B8847052053
:10B1B000EAE7D9208DF8000045EA0610C0B28DF804
:10B1C00001000023022269462046FEF77FFADBE7F2
:10B1D000737364313331353A20706861736531209F
:10B1E000706572696F6420697320696E76616C693D
:10B1F000642E0A00737364313331353A207068610C
:10B2000073653220706572696F6420697320696E9E
:10B2100076616C69642E0A0070B504460D460CB95F
:10B22000022070BD94F83800012801D00320F8E70F
:10B230002DB10022C8212046FEF785FAF1E7002251
:10B24000C0212046FEF77FFAEBE770B504460D46B5
:10B250000CB9022070BD94F83800012801D00320F9
:10B26000F8E72DB10022A1212046FEF76CFAF1E7A4
:10B270000022A0212046FEF766FAEBE72DE9F04711
:10B280000446884616464FF000090CB9012000E03C
:10B29000002050B900BF502080F31188BFF34F8FBA
:10B2A000BFF36F8F00BF00BFFEE700F05BFC00F054
:10B2B000E1F8234800684C3050F8240030B90121EF
:10B2C0001F4800685030015506B1894600F0FCF86F
:10B2D000B9F1010F03D101213046FEF751FB01F016
:10B2E000AFFC0746B9F1010F08D13FB94FF08050CC
:10B2F00014490860BFF34F8FBFF36F8F00F0BAF8A7
:10B300000F4800684C3050F824507DB1B8F1000F60
:10B3100006D000210A4800684C3040F8241005E0AF
:10B32000681E074909684C3141F82400002104488F
:10B3300000685030015500F0C7F82846BDE8F08796
:10B34000B000002004ED00E001460A69D1E90130B7
:10B350009860D1E9010358605068884201D188683B
:10B360005060002008611068401E1060106870472F
:10B370000148006870470000C000002006A0F5F7F3
:10B380006FFD00BF502080F31188BFF34F8FBFF3D4
:10B390006F8F00BF00BFFEE75B4552525D206D61BD
:10B3A0006C6C6F63206661696C65640D0A00000057
:10B3B0000C464CB10BA0F5F753FD2046F5F750FDB8
:10B3C0000EA0F5F74DFD02E00DA0F5F749FD00BF19
:10B3D000502080F31188BFF34F8FBFF36F8F00BFF2
:10B3E00000BFFEE75B4552525D20737461636B20C2
:10B3F0006F766572666C6F773A0000000D0A000088
:10B400005B4552525D20737461636B206F76657289
:10B41000666C6F773A756E6B6E6F776E0D0A000013
:10B4200000F1080141604FF0FF31816000F1080137
:10B43000C160016100210160704700210161704716
:10B4400010B502460B685C1C0CB9106907E002F1EC
:10B45000080000E04068446824689C42FAD94468C7
:10B460004C604C68A160886041600A611468641C8B
:10B47000146010BD00BF502080F31188BFF34F8FC0
:10B48000BFF36F8F00BF0E480068401C0C49086076
:10B4900008460068012812D10A480068C0B208B9FD
:10B4A000012000E0002050B900BF502080F3118837
:10B4B000BFF34F8FBFF36F8F00BF00BFFEE7704732
:10B4C0002001002004ED00E00D48006850B900BFE5
:10B4D000502080F31188BFF34F8FBFF36F8F00BFF1
:10B4E00000BFFEE706480068401E054908600846A0
:10B4F000006820B9002080F3118800BF00BF7047AA
:10B500002001002070B506463546002E50D0083D7B
:10B510002C462848844204D32748844201D801207D
:10B5200000E0002050B900BF502080F31188BFF325
:10B530004F8FBFF36F8F00BF00BFFEE76068C00F83
:10B5400050B900BF502080F31188BFF34F8FBFF375
:10B550006F8F00BF00BFFEE7206808B9012000E040
:10B56000002050B900BF502080F31188BFF34F8FE7
:10B57000BFF36F8F00BF00BFFEE76068C00FB8B1B8
:10B580002068A8B9606820F00040606000F0EAFA26
:10B590000A49606809680844084908602046FEF7BF
:10B5A00031FD07480068401C0549086001F048FB70
:10B5B00070BD00002C0B00202B8B00201001002000
:10B5C0001C01002000204FF0E0210861886106483E
:10B5D00000684FF47A71B0FBF1F0401E4FF0E021AB
:10B5E00048610720086170470C00002070B5F4F72F
:10B5F000F3FD0446102C16D304F1E02090F8F0532C
:10B6000015480078854201DB012000E0002050B998
:10B6100000BF502080F31188BFF34F8FBFF36F8FAF
:10B6200000BF00BFFEE70D48006800F4E0600C4971
:10B630000968884201D8012000E0002050B900BF0D
:10B64000502080F31188BFF34F8FBFF36F8F00BF7F
:10B6500000BFFEE770BD0000240100200CED00E0FB
:10B660002801002030B502460B46002152B900BF28
:10B67000502484F31188BFF34F8FBFF36F8F00BF47
:10B6800000BFFEE7BBB1002012E00D4C04EBC0048C
:10B690006468944203D10A4C04EBC0010AE031B95A
:10B6A000074C54F8304014B9054C04EBC001401C61
:10B6B0000828EAD300BF09B10B604A6030BD000022
:10B6C000FC0900202DE9F04105460E4617462C46A0
:10B6D000FFF7D0FE94F94400401C10B9002084F814
:10B6E000440094F94500401C10B9002084F845003E
:10B6F000FFF7EAFEA06B28B93A46314604F1240070
:10B7000000F02EF92046FEF7ACFEBDE8F081000007
:10B7100070B504460025D4B100F024FA1148006841
:10B72000012800D100E0002050B900BF502080F374
:10B730001188BFF34F8FBFF36F8F00BF00BFFEE7CD
:10B7400000212046FEF71CF901F07AFA05463DB9C2
:10B750004FF0805004490860BFF34F8FBFF36F8FE5
:10B7600070BD0000EC00002004ED00E02DE9F04782
:10B7700005460E46904655B900BF502080F311880B
:10B78000BFF34F8FBFF36F8F00BF00BFFEE70EB94F
:10B79000012000E0002050B900BF502080F3118844
:10B7A000BFF34F8FBFF36F8F00BF00BFFEE7FFF700
:10B7B0001DFF2C4600BF5021EFF3118081F311884B
:10B7C000BFF34F8FBFF36F8F00BF074604F15000E8
:10B7D00010F8069002218155001F50F82600401CE9
:10B7E00004F14C0141F82600B9F1010F78D1A06AAB
:10B7F00008B9012000E0002050B900BF502080F3BC
:10B800001188BFF34F8FBFF36F8F00BF00BFFEE7FC
:10B8100036480068002842D100BF6069D4E90212AE
:10B820008A60D4E902214A60211D42688A4201D11E
:10B83000E1684160002262610168491E016000BF49
:10B8400000BF94F82C10012088402949096808435A
:10B850002749086000BFE16A01EB8101254A02EB3C
:10B8600081014868A0608268E260211D82685160A1
:10B870008160E16A01EB81011E4A02EB8102626193
:10B88000E16A01EB81011B4A52F82110491CE26A6E
:10B8900002EB8202174B43F8221000BF11E000BFF9
:10B8A00015494868E0618268226204F118018268E3
:10B8B00051608160104AA26211460968491C1160FA
:10B8C00000BF0E49E06A0968C96A884208D9B8F120
:10B8D000000F02D00120C8F80000012008490860CC
:10B8E00000BF87F3118800BFBDE8F087EC0000209F
:10B8F000C80000203C0A0020C80A0020B000002038
:10B90000D4000020034909680160034909684160C7
:10B9100070470000D8000020C40000200120014929
:10B9200008607047D400002070B504460D4654B935
:10B9300000BF502080F31188BFF34F8FBFF36F8F8C
:10B9400000BF00BFFEE70548016818312046FFF739
:10B9500077FD01212846FEF713F870BDB0000020E6
:10B9600070B504460E46154654B900BF502080F30A
:10B970001188BFF34F8FBFF36F8F00BF00BFFEE78B
:10B9800000BF60680F490968C8610E49826809688C
:10B990000A620C49096818318268516009490968CE
:10B9A00018318160074909688C622168491C21604F
:10B9B00000BF0DB14FF0FF3629463046FDF7E0FFDE
:10B9C00070BD0000B00000202DE9F04706460F468C
:10B9D00034464FF00109002E7DD0A06C50B900BF55
:10B9E000502080F31188BFF34F8FBFF36F8F00BFDC
:10B9F00000BFFEE7606CB84201D23D4600E0656CD6
:10BA0000E06AA84267D0A06C012864D1334800687E
:10BA1000844201D0012000E0002050B900BF502036
:10BA200080F31188BFF34F8FBFF36F8F00BF00BF4C
:10BA3000FEE7D4F82C80E562A06900F0004010B960
:10BA4000C5F10500A06108EB8801254A02EB8101E0
:10BA50006069884201D1012000E00020D8B3201D98
:10BA6000FFF772FC40B994F82C10012088401D4962
:10BA7000096881431B48016000BF94F82C10012025
:10BA800088401849096808431649086000BFE16A00
:10BA900001EB8101124A02EB81014868A0608268D3
:10BAA000E260211D826851608160E16A01EB8101E1
:10BAB0000B4A02EB81026261E16A01EB8101084AF3
:10BAC00052F82110491CE26A02EB8202044B43F84F
:10BAD000221000BF00BFBDE8F0870000B0000020CA
:10BAE0003C0A0020C800002010B5FEF7D1F804463B
:10BAF000012C02D101F090F90446012C15D100BFB0
:10BB0000502080F31188BFF34F8FBFF36F8F00BFBA
:10BB10004FF0FF300F49086001200F4908600020F6
:10BB20000E49086000F092F810E0601C08B1012096
:10BB300000E0002050B900BF502080F31188BFF30F
:10BB40004F8FBFF36F8F00BF00BFFEE70448006850
:10BB500010BD0000E0000020CC000020C400002048
:10BB6000E800002002480068401C01490860704756
:10BB7000EC00002070B53048006818B101202F4952
:10BB8000086057E000202D49086000BF2C4800687D
:10BB9000046B4FF0A5362068B0F1A53F0BD160686B
:10BBA000B0F1A53F07D1A068B0F1A53F03D1E0688F
:10BBB000B0F1A53F09D02248006800F134052946BC
:10BBC0001F480068FFF7F4FB00BF00BF00BF1D481F
:10BBD0000068B0FA80F0C0F11F0101EB81001A4A41
:10BBE00052F8200008B1012000E0002050B900BF49
:10BBF000502080F31188BFF34F8FBFF36F8F00BFCA
:10BC000000BFFEE700BF01EB81020F4B03EB820098
:10BC100042685268426000F108024368934201D1D1
:10BC2000C26842604268D268054B1A6000BF00BF1C
:10BC30001846006870BD0000EC000020D400002011
:10BC4000B0000020C80000203C0A00200EB50020F3
:10BC500001903749084600780290FF200A4610708C
:10BC60000846007800909DF8000000F05000314A2E
:10BC700010701046007850B900BF502080F3118832
:10BC8000BFF34F8FBFF36F8F00BF00BFFEE79DF87C
:10BC900000205020904308B9012000E0002050B956
:10BCA00000BF502080F31188BFF34F8FBFF36F8F19
:10BCB00000BF00BFFEE707E00198401C01909DF81F
:10BCC00000004006000E00909DF8000000F080008B
:10BCD0008028F1D00198082803D10020164A10606E
:10BCE00004E00198C0F10700134A10601248006890
:10BCF0000002114A10601046008800F4E0601060F5
:10BD00009DF808000A4A10700C48006840F47F0053
:10BD10000A4908600846006840F07F400860FFF765
:10BD200051FC002006490860F4F720FA00200EBDFF
:10BD300000E400E0240100202801002020ED00E0C4
:10BD4000200100202DE9F04104460126002722466B
:10BD50000021012000F007F805462846FEF76AF8A2
:10BD60002846BDE8F0812DE9F84305460E46174602
:10BD70000024E5B1601EB0FBF5F0B04217D305FB1F
:10BD800006F010F1490F12D805FB06F808F148003B
:10BD9000FEF7A6FB0446B4B1A14609F148093B46AB
:10BDA0004A46314628460094FEF753F80BE054B952
:10BDB00000BF502080F31188BFF34F8FBFF36F8F08
:10BDC00000BF00BFFEE72046BDE8F8832DE9F04143
:10BDD00005460E4601272C4654B900BF502080F37B
:10BDE0001188BFF34F8FBFF36F8F00BF00BFFEE717
:10BDF000002C42D0E06B00283FD04FF0FF31E06BC9
:10BE0000B1FBF0F0216C884237D3FFF733FBD4E964
:10BE10000F12206801FB0200A0600020A0632068D0
:10BE20006060E06B401E226C216800FB0211E16043
:10BE3000FF2084F8440084F845009EB9206908B9C1
:10BE4000012000E00020A8B904F1100000F060FE1D
:10BE500080B14FF0805013490860BFF34F8FBFF39C
:10BE60006F8F07E004F11000FFF7DAFA04F1240005
:10BE7000FFF7D6FAFFF728FB00E000270FB10120FB
:10BE800000E0002050B900BF502080F31188BFF3BC
:10BE90004F8FBFF36F8F00BF00BFFEE73846BDE88E
:10BEA000F081000004ED00E02DE9FF4383B0064679
:10BEB00088461D464FF00009344654B900BF502053
:10BEC00080F31188BFF34F8FBFF36F8F00BF00BFA8
:10BED000FEE7B8F1000F01D1206C08B9012000E0A5
:10BEE000002050B900BF502080F31188BFF34F8F5E
:10BEF000BFF36F8F00BF00BFFEE7022D02D1E06BE2
:10BF0000012801D1012000E0002050B900BF5020DD
:10BF100080F31188BFF34F8FBFF36F8F00BF00BF57
:10BF2000FEE700F003FC08B9059808B9012000E01D
:10BF3000002050B900BF502080F31188BFF34F8F0D
:10BF4000BFF36F8F00BF00BFFEE700BFFFF792FA9D
:10BF5000A06BE16B884201D3022D28D12A464146CD
:10BF60002046FDF756FE0746606A08B9012000E04A
:10BF7000002068B904F1240000F0CAFD88B14FF038
:10BF8000805032490860BFF34F8FBFF36F8F08E0D6
:10BF90003FB14FF080502D490860BFF34F8FBFF382
:10BFA0006F8FFFF791FA012007B0BDE8F083059885
:10BFB00018B9FFF789FA0020F6E7B9F1000F04D1AC
:10BFC00001A8FFF79FFC4FF00109FFF77DFAFFF78B
:10BFD000C9FDFFF74FFA94F94400401C10B9002046
:10BFE00084F8440094F94500401C10B9002084F8FE
:10BFF0004500FFF769FA05A901A800F03DFAF0B97C
:10C000002046FEF788F8A0B104F110000599FFF76B
:10C010008BFC2046FEF725FA00F012FE002895D191
:10C020004FF0805009490860BFF34F8FBFF36F8F07
:10C030008CE72046FEF715FA00F002FE86E7204660
:10C04000FEF70FFA00F0FCFD0020ADE704ED00E084
:10C050002DE9FC5F80468B4691461E46444654B906
:10C0600000BF502080F31188BFF34F8FBFF36F8F55
:10C0700000BF00BFFEE7BBF1000F01D1206C08B983
:10C08000012000E0002050B900BF502080F311884B
:10C09000BFF34F8FBFF36F8F00BF00BFFEE7022ECD
:10C0A00002D1E06B012801D1012000E0002050B94D
:10C0B00000BF502080F31188BFF34F8FBFF36F8F05
:10C0C00000BF00BFFEE7FFF791FA00BF5021EFF37A
:10C0D000118081F31188BFF34F8FBFF36F8F00BFC3
:10C0E0000546A06BE16B884201D3022E3CD194F946
:10C0F0004570A06B0190324659462046FDF789FDF8
:10C10000781C88B9606A08B9012000E0002050B9A5
:10C1100004F1240000F0FCFC28B1B9F1000F02D0BA
:10C120000120C9F800001CE000BFFFF721F90090D2
:10C130000098874214D27F2F01D0012000E0002018
:10C1400050B900BF502080F31188BFF34F8FBFF369
:10C150006F8F00BF00BFFEE7781C40B284F8450037
:10C1600000BF4FF0010A01E04FF0000A00BF85F365
:10C17000118800BF5046BDE8FC9F00002DE9F74143
:10C1800083B005460E464FF000082C4654B900BF58
:10C19000502080F31188BFF34F8FBFF36F8F00BF24
:10C1A00000BFFEE70EB9206C08B9012000E00020B6
:10C1B00050B900BF502080F31188BFF34F8FBFF3F9
:10C1C0006F8F00BF00BFFEE700F0B0FA08B9059816
:10C1D00008B9012000E0002050B900BF502080F3D2
:10C1E0001188BFF34F8FBFF36F8F00BF00BFFEE713
:10C1F00000BFFFF73FF9A76BF7B131462046FDF7C7
:10C20000F3FC781EA063206908B9012000E000203B
:10C2100060B904F1100000F07BFC38B14FF08050A1
:10C220002F490860BFF34F8FBFF36F8FFFF74CF9B3
:10C23000012006B0BDE8F081059818B9FFF744F970
:10C240000020F6E7B8F1000F04D101A8FFF75AFB70
:10C250004FF00108FFF738F9FFF784FCFFF70AF900
:10C2600094F94400401C10B9002084F8440094F96B
:10C270004500401C10B9002084F84500FFF724F960
:10C2800005A901A800F0F8F8F0B92046FDF736FF3F
:10C29000A0B104F124000599FFF746FB2046FEF704
:10C2A000E0F800F0CDFC0028A3D14FF080500C49FD
:10C2B0000860BFF34F8FBFF36F8F9AE72046FEF7FA
:10C2C000D0F800F0BDFC94E72046FEF7CAF800F075
:10C2D000B7FC2046FDF712FF00288AD00020A8E70F
:10C2E00004ED00E02DE9F34182B0054600272C461D
:10C2F000B84654B900BF502080F31188BFF34F8F68
:10C30000BFF36F8F00BF00BFFEE7206C08B90120AC
:10C3100000E0002050B900BF502080F31188BFF327
:10C320004F8FBFF36F8F00BF00BFFEE700F0FEF935
:10C3300008B9039808B9012000E0002050B900BFF7
:10C34000502080F31188BFF34F8FBFF36F8F00BF72
:10C3500000BFFEE700BFFFF78DF8A66BFEB1701EB1
:10C36000A063206810B9FEF7BBF9A060206908B986
:10C37000012000E0002060B904F1100000F0C8FBCB
:10C3800038B14FF080503B490860BFF34F8FBFF387
:10C390006F8FFFF799F8012004B0BDE8F081039892
:10C3A00018B9FFF791F80020F6E71FB96846FFF7C4
:10C3B000A9FA0127FFF788F8FFF7D4FBFFF75AF82F
:10C3C00094F94400401C10B9002084F8440094F90A
:10C3D0004500401C10B9002084F84500FFF774F8B0
:10C3E00003A9684600F048F840BB2046FDF786FEEA
:10C3F000F0B1206838B9FFF73DF8A06800F00EFBF7
:10C400008046FFF761F804F124000399FFF78CFAE6
:10C410002046FEF726F800F013FC00289BD14FF0D1
:10C42000805014490860BFF34F8FBFF36F8F92E7BE
:10C430002046FEF716F800F003FC8CE72046FEF7D6
:10C4400010F800F0FDFB2046FDF758FE002882D0D2
:10C45000B8F1000F0BD0FFF70DF82046FDF782FC76
:10C4600006463146A068FFF7AFFAFFF72DF8002027
:10C4700092E7000004ED00E070B505460C4655B9A2
:10C4800000BF502080F31188BFF34F8FBFF36F8F31
:10C4900000BF00BFFEE754B900BF502080F31188F1
:10C4A000BFF34F8FBFF36F8F00BF00BFFEE7FEF7F4
:10C4B000E1FF134802686868131A2068401C08B935
:10C4C000002619E00F4928680968884206D0686884
:10C4D000904203D80126002020600DE02068984299
:10C4E00007D92068C01A20602846FFF70BFA0026FB
:10C4F00002E0002020600126FEF7E6FF304670BD16
:10C50000C4000020D80000202DE9FC5F06460F463D
:10C5100090469946DDE90CAB4B46424639463046DB
:10C52000CDE900ABFDF7E8FB054625B12846FDF750
:10C530008DFA012401E04FF0FF342046BDE8FC9F56
:10C540002DE9F05F07460D4616469846DDF828A00F
:10C550004FF0010B0DB9012000E0002050B900BFE1
:10C56000502080F31188BFF34F8FBFF36F8F00BF50
:10C5700000BFFEE757B900BF502080F31188BFF31A
:10C580004F8FBFF36F8F00BF00BFFEE73C46FEF743
:10C5900071FFBAF1000F05D004F14C0050F82500EE
:10C5A000CAF8000004F1500010F80590022141552E
:10C5B000B8F1050F29D2DFE808F027030D171C009A
:10C5C00004F14C0050F82500304304F14C0141F8CF
:10C5D00025002DE004F14C0050F82500401C04F12A
:10C5E0004C0141F8250023E004F14C0040F825609F
:10C5F0001EE0B9F1020F04D004F14C0040F82560B0
:10C6000001E04FF0000B13E012E04048006808B969
:10C61000012000E0002050B900BF502080F31188B5
:10C62000BFF34F8FBFF36F8F00BF00BFFEE700BFA8
:10C6300000BFB9F1010F63D100BF6069D4E90212F4
:10C640008A60D4E902214A60211D42688A4201D1F0
:10C65000E1684160002262610168491E016000BF1B
:10C6600000BF94F82C10012088402949096808432C
:10C670002749086000BFE16A01EB8101254A02EB0E
:10C6800081014868A0608268E260211D8268516073
:10C690008160E16A01EB81011E4A02EB8102626165
:10C6A000E16A01EB81011B4A52F82110491CE26A40
:10C6B00002EB8202174B43F8221000BF00BFA06AB2
:10C6C00008B9012000E0002050B900BF502080F3DD
:10C6D0001188BFF34F8FBFF36F8F00BF00BFFEE71E
:10C6E00000BF0D480068C06AE16A884207D24FF077
:10C6F00080500A490860BFF34F8FBFF36F8F00BFB0
:10C70000FEF7E2FE5846BDE8F09F0000C40000209E
:10C71000C80000203C0A0020B000002004ED00E02A
:10C720000149086870470000B00000200549096809
:10C7300009B9012005E00449096809B9022000E0AF
:10C7400000207047CC000020EC0000200149086860
:10C7500070470000C40000202DE9F0414FF00008B0
:10C760006548006800287DD164480068451C63481E
:10C7700005601DBB00BF62480068006808B9012061
:10C7800000E0002050B900BF502080F31188BFF3B3
:10C790004F8FBFF36F8F00BF00BFFEE75848076899
:10C7A000584800685649086056480760564800686F
:10C7B000401C55490860FDF7D7FD00BF534800688D
:10C7C00085427ED300BF4E480068006808B901204A
:10C7D00000E0002020B14FF0FF304C4908606FE0CE
:10C7E00047480068C068C4686668B54202D24748D6
:10C7F000066065E000BF6069D4E902128A60D4E98E
:10C8000002214A60211D42688A4201D1E1684160EB
:10C81000002262610168491E016000BFA06AA0B1E8
:10C8200000BFA06AD4E907128A60D4E907214A60F0
:10C8300004F1180142688A4201D1216A4160002254
:10C84000A2620168491E016000BF00BF94F82C106D
:10C85000012088402E49096808432D49086000BF1F
:10C86000E16A00E03FE001EB81012A4A02EB81012D
:10C870004868A0608268E260211D82685160816022
:10C88000E16A01EB8101234A02EB81026261E16A04
:10C8900001EB81011F4A52F82110491CE26A02EBA8
:10C8A00082021C4B43F8221000BF00BF1A49E06A05
:10C8B0000968C96A884286D94FF0010883E700E019
:10C8C00000BF15480068C06A00EB8000114951F8AC
:10C8D0002000012801D94FF001081048006808B174
:10C8E0004FF0010804E00E480068401C0C49086045
:10C8F0004046BDE8F0810000EC000020C4000020AC
:10C90000B4000020B8000020D8000020E000002083
:10C91000C80000203C0A0020B0000020D400002005
:10C92000D000002070B505462C460026002D6CD0A6
:10C9300037480068844201D1012000E0002050B94E
:10C9400000BF502080F31188BFF34F8FBFF36F8F6C
:10C9500000BF00BFFEE7A06C50B900BF502080F3BD
:10C960001188BFF34F8FBFF36F8F00BF00BFFEE78B
:10C97000A06C401EA064616CE06A884245D0A06C47
:10C98000002842D1201DFEF7DFFC40B994F82C109E
:10C99000012088401F49096881431E480160606C7E
:10C9A000E062E06AC0F10500A06100BF94F82C10BD
:10C9B000012088401749096808431649086000BFEC
:10C9C000E16A01EB8101144A02EB81014868A06031
:10C9D0008268E260211D826851608160E16A01EB3A
:10C9E00081010D4A02EB81026261E16A01EB810182
:10C9F000094A52F82110491CE26A02EB8202064BF6
:10CA000043F8221000BF00BF0126304670BD000071
:10CA1000B0000020C80000203C0A002070B5054688
:10CA20002C460026002D6AD03649E06A0968C96A9A
:10CA300088425DD2A06900F0004028B93148006802
:10CA4000C06AC0F10500A061E16A01EB81012E4AD4
:10CA500002EB81016069884201D1012000E00020E1
:10CA600000283FD0201DFEF76FFC40B994F82C1031
:10CA700001208840254909688143244801602148F4
:10CA80000068C06AE06200BF94F82C100120884062
:10CA90001E49096808431D49086000BFE16A01EBAF
:10CAA0008101194A02EB81014868A0608268E26056
:10CAB000211D826851608160E16A01EB8101124AA7
:10CAC00002EB81026261E16A01EB81010E4A52F8D8
:10CAD0002110491CE26A02EB82020B4B43F8221040
:10CAE00000BF03E007480068C06AE062012606E074
:10CAF0000449606C0968C96A884200D20126304640
:10CB000070BD0000B00000203C0A0020C8000020DA
:10CB100070B50346D868C16851B900BF502080F392
:10CB20001188BFF34F8FBFF36F8F00BF00BFFEE7C9
:10CB300000BF886AD1E90745A560D1E9075465605F
:10CB400001F118044568A54201D10C6A4460002532
:10CB50008D620468641E046000BF334800680028CA
:10CB600042D100BF4869D1E90245A560D1E902542C
:10CB700065600C1D4568A54201D1CC684460002564
:10CB80004D610468641E046000BF00BF91F82C4032
:10CB90000120A040254C24682043244C206000BF85
:10CBA000CC6A04EB8404224D05EB84046068886041
:10CBB0008568CD600C1D85686C608460CC6A04EB70
:10CBC00084041B4D05EB84054D61CC6A04EB8404A1
:10CBD000174D55F82440641CCD6A05EB8505144EAD
:10CBE00046F8254000BF11E000BF124C6068C861E4
:10CBF00085680D6201F1180485686C6084600D4DD4
:10CC00008D622C462468641C2C6000BF0A4CC86AE4
:10CC10002468E46AA04204D901220120074C206064
:10CC200000E00022104670BDEC000020C80000208B
:10CC30003C0A0020C80A0020B0000020D4000020D8
:10CC40002DE9F04100240027FEF714FC00255B4885
:10CC5000006808B1012000E0002050B900BF50205A
:10CC600080F31188BFF34F8FBFF36F8F00BF00BFFA
:10CC7000FEE752480068401E5049086008460068B8
:10CC800000286ED14E48006800286AD064E04D4804
:10CC9000C068C46800BFA06AD4E907128A60D4E9FA
:10CCA00007214A6004F1180142688A4201D1216AD1
:10CCB00041600022A2620168491E016000BF00BFFE
:10CCC0006069D4E902128A60D4E902214A60211D18
:10CCD00042688A4201D1E1684160002262610168D4
:10CCE000491E016000BF00BF94F82C10012088404D
:10CCF0003549096808433449086000BFE16A01EB1F
:10CD00008101324A02EB81014868A0608268E260DA
:10CD1000211D826851608160E16A01EB81012B4A2B
:10CD200002EB81026261E16A01EB8101274A52F85C
:10CD30002110491CE26A02EB8202244B43F82210C4
:10CD400000BF00BF2249E06A0968C96A884203D966
:10CD50000120204941F825001A48006810B9012037
:10CD600001E026E00020002891D00CB1FDF7FCFA8C
:10CD7000194806686EB100BFFFF7EEFC18B101203C
:10CD8000144941F82500761E002EF5D100201249E5
:10CD90000860104850F8250058B1012700BF0C4822
:10CDA000006838070D490860BFF34F8FBFF36F8FDE
:10CDB00000BFFEF789FB3846BDE8F081EC0000209B
:10CDC000C0000020C80A0020C80000203C0A002043
:10CDD000B0000020D4000020D000002004ED00E0CE
:10CDE0002DE9FC4705460E4617469846DDF8289083
:10CDF0002820FDF775FB044654B1002084F8240078
:10CE000043463A4631462846CDE90094FDF79AF864
:10CE10002046BDE8FC8700001CB50024FCF78EFE10
:10CE20000D48006850B10D48042100238A01CDE966
:10CE300000100BA10C48FFF767FB044654B900BF74
:10CE4000502080F31188BFF34F8FBFF36F8F00BF67
:10CE500000BFFEE720461CBDF8000020FC000020BB
:10CE6000546D72205376630049A400082DE9FF47F2
:10CE700005460C46164699460C9F4FF0000855B9DA
:10CE800000BF502080F31188BFF34F8FBFF36F8F27
:10CE900000BF00BFFEE71948006808B30094019680
:10CEA0000295062C01DA012000E0002050B900BFF5
:10CEB000502080F31188BFF34F8FBFF36F8F00BFF7
:10CEC00000BFFEE7062C14DAFFF730FC022808D179
:10CED00000233A46694609480068FEF7E5FF8046A8
:10CEE00007E000231A46694604480068FEF7DCFFA5
:10CEF0008046404604B0BDE8F0870000F8000020FE
:10CF00002DE9FF4104460D4616461F460F480068AE
:10CF100050B900BF502080F31188BFF34F8FBFF38B
:10CF20006F8F00BF00BFFEE74FF0FF30009001940D
:10CF30000295039600233A46694604480068FEF7C6
:10CF4000B3FF8046404604B0BDE8F081F800002001
:10CF50002DE9FF4104460D4616461F466FF00100BD
:10CF6000009001940295039600233A4669460448CE
:10CF70000068FFF76DF88046404604B0BDE8F081D8
:10CF8000F800002002030405060708090A0B0C0D2F
:10CF90000E0F1010010202030405060708090A0B10
:10CFA0000C0D0E0F10100102000000000000000028
:10CFB000010203040607080900000000010203043F
:10CFC0000000000000000000000000000000000061
:10CFD0003F40000000000000000030004000300032
:10CFE0004000000009000BC03D000BC03D000900DF
:10CFF00018C024407FE0224031800000180024C087
:10D000001B000D803240018003801C4027401C80A3
:10D010000740004010006000000000000000000019
:10D020000000000000001F80204040200000402041
:10D0300020401F8000000000090006001F8006003D
:10D0400009000000040004003F8004000400000008
:10D050000010006000000000000000000400040058
:10D060000400040004000000000000400000000074
:10D0700000000000002001C0060038004000000051
:10D080001F802040204020401F80000000001040F2
:10D090003FC000400000000018C021402240244052
:10D0A0001840000010802040244024401B800000D5
:10D0B00002000D0011003FC0014000003C802440F0
:10D0C00024402440238000001F802440244034401A
:10D0D000038000003000200027C03800200000003E
:10D0E0001B802440244024401B8000001C0022C0E0
:10D0F000224022401F800000000000000840000085
:10D1000000000000000000000460000000000000BB
:10D11000000004000A0011002080404009000900BE
:10D1200009000900090000000000404020801100B3
:10D130000A0004001800200023402400180000000A
:10D140001F802040274029401F400000004007C0AA
:10D1500039000F0001C0004020403FC0244024405F
:10D160001B8000001F8020402040204030800000B5
:10D1700020403FC0204020401F80000020403FC092
:10D1800024402E4030C0000020403FC024402E00EC
:10D19000300000000F001080204022403380020049
:10D1A00020403FC0040004003FC0204020402040F9
:10D1B0003FC02040204000000060202020203FC0D1
:10D1C0002000200020403FC024400B0030C0204001
:10D1D00020403FC020400040004000C03FC03C0015
:10D1E00003C03C003FC0000020403FC00C40230073
:10D1F0003FC020001F802040204020401F800000B2
:10D2000020403FC024402400180000001F8021401F
:10D21000214020E01FA0000020403FC02440260005
:10D2200019C0004018C02440244022403180000032
:10D23000300020403FC020403000000020003F80F0
:10D24000004000403F80200020003E0001C0070059
:10D2500038002000380007C03C0007C0380000003C
:10D26000204039C0060039C020400000200038406E
:10D2700007C0384020000000304021C02640384020
:10D2800020C00000000000007FE04020402000009F
:10D29000000070000C0003800040000000004020EF
:10D2A00040207FE00000000000002000400020003F
:10D2B000000000000010001000100010001000100E
:10D2C000000000004000000000000000000002809C
:10D2D0000540054003C0004020003FC0044004401A
:10D2E000038000000000038004400440064000006A
:10D2F00000000380044024403FC000400000038041
:10D300000540054003400000000004401FC02440C9
:10D3100024402000000002E0055005500650042083
:10D3200020403FC00440040003C00040000004400F
:10D3300027C000400000000000100010041027E08B
:10D340000000000020403FC00140070004C004402E
:10D35000204020403FC000400040000007C00400C3
:10D3600007C0040003C00000044007C004400400DC
:10D3700003C000400000038004400440038000001C
:10D38000041007F0045004400380000000000380F4
:10D390000440045007F00010044007C0024004009D
:10D3A00004000000000006400540054004C00000E5
:10D3B000000004001F8004400040000004000780BB
:10D3C0000040044007C000400400070004C0018082
:10D3D00006000400060001C0070001C006000000AE
:10D3E000044006C0010006C00440000004100710FD
:10D3F00004E00180060004000000044005C006406F
:10D40000044000000000000004007BE04020000019
:10D41000000000000000FFF00000000000004020BD
:10D420007BE004000000000040008000400020007D
:10D43000200040000000000000000000000000008C
:10D44000000000000000000000001FCC000C0000E5
:10D4500000000000000008003000600008003000FC
:10D4600060000000022003FC1E20022003FC1E209E
:10D470000220000000000E1811043FFF10840C78F9
:10D48000000000000F0010840F3800C007781884D7
:10D490000078000000780F8410C411240E9800E476
:10D4A0000084000808006800700000000000000010
:10D4B0000000000000000000000007E01818200431
:10D4C00040020000000040022004181807E000009D
:10D4D000000000000240024001800FF00180024085
:10D4E000024000000080008000800FF80080008073
:10D4F000008000000001000D000E00000000000090
:10D50000000000000000008000800080008000809B
:10D51000008000800000000C000C000000000000F3
:10D5200000000000000000060018006001800600F6
:10D5300018002000000007F0080810041004080874
:10D5400007F000000000080408041FFC00040004A9
:10D550000000000000000E0C101410241044118470
:10D560000E0C000000000C181004110411041288A5
:10D570000C700000000000E00320042408241FFCBD
:10D580000024000000001F9810841104110410886A
:10D5900010700000000007F00888110411041888BA
:10D5A0000070000000001C00100010FC13001C00A4
:10D5B0001000000000000E38114410841084114443
:10D5C0000E38000000000700088C10441044088842
:10D5D00007F00000000000000000030C030C000036
:10D5E0000000000000000000000101060000000033
:10D5F0000000000000000080014002200410080824
:10D60000100400000220022002200220022002203A
:10D61000022000000000100408080410022001404D
:10D620000080000000000E001200100C106C108032
:10D630000F00000003E00C1813E4142417C408289A
:10D6400007D000000004003C03C41C40074000E475
:10D65000001C000410041FFC1104110411040E88A6
:10D660000070000003E00C181004100410041008EF
:10D670001C10000010041FFC100410041004080803
:10D6800007F0000010041FFC1104110417C410045B
:10D690000818000010041FFC1104110017C010002E
:10D6A0000800000003E00C181004100410441C785B
:10D6B0000040000010041FFC1084008000801084D3
:10D6C0001FFC10040000100410041FFC10041004C0
:10D6D0000000000000030001100110011FFE1000F7
:10D6E0001000000010041FFC110403801464181CB7
:10D6F0001004000010041FFC1004000400040004C7
:10D70000000C000010041FFC1F0000FC1F001FFC89
:10D710001004000010041FFC0C04030000E01018AB
:10D720001FFC100007F0080810041004100408087B
:10D7300007F0000010041FFC10841080108010807F
:10D740000F00000007F0081810241024101C080A0D
:10D7500007F2000010041FFC1104110011C0113069
:10D760000E0C000400000E1C1104108410841044E0
:10D770001C3800001800100010041FFC10041000DA
:10D780001800000010001FF810040004000410042A
:10D790001FF8100010001E0011E0001C0070138024
:10D7A0001C0010001FC0103C00E01F0000E0103CF7
:10D7B0001FC000001004180C163401C001C016343C
:10D7C000180C100410001C00130400FC13041C00AF
:10D7D000100000000804101C1064108413041C04C2
:10D7E000101800000000000000007FFE4002400210
:10D7F00040020000000030000C0003800060001CAC
:10D800000003000000004002400240027FFE0000D2
:10D810000000000000000000200040004000400028
:10D8200020000000000100010001000100010001D2
:10D830000001000100004000400020000000000046
:10D84000000000000000009801240144014401444C
:10D8500000FC000410001FFC008801040104008883
:10D860000070000000000070008801040104010441
:10D870000088000000000070008801040104110805
:10D880001FFC0004000000F801440144014401446D
:10D8900000C800000000010401040FFC1104110481
:10D8A00011001800000000D601290129012901C931
:10D8B0000106000010041FFC0084010001000104A7
:10D8C00000FC000400000104190419FC0004000419
:10D8D000000000000000000300010101190119FE11
:10D8E0000000000010041FFC0024004001B4010CE3
:10D8F000010400000000100410041FFC00040004D8
:10D9000000000000010401FC0104010001FC01040D
:10D91000010000FC010401FC00840100010001047D
:10D9200000FC0004000000F80104010401040104EB
:10D9300000F80000010101FF0085010401040088D6
:10D94000007000000000007000880104010401055F
:10D9500001FF00010104010401FC00840104010035
:10D9600001800000000000CC0124012401240124D6
:10D970000198000000000100010007F80104010403
:10D9800000000000010001F8000400040004010888
:10D9900001FC0004010001800170000C0010016016
:10D9A0000180010001F0010C003001C00030010CC9
:10D9B00001F0010000000104018C00740170018C71
:10D9C00001040000010101810171000E00180160D5
:10D9D0000180010000000184010C01340144018434
:10D9E000010C0000000000000000000001003EFCEF
:10D9F000400240020000000000000000FFFF0000A5
:10DA0000000000000000400240023EFC0100000057
:10DA10000000000000006000800080004000400026
:10DA200020002000000000000000000000000000B6
:10DA300000000000000000000000000000000000E6
:10DA400000000000000000000000000000000000D6
:10DA5000000000000000000F80380FFE380F8038F3
:10DA600000000000000000000000000000000000B6
:10DA700000000100000600000C000038000031002A
:10DA8000000600000C00003800003000000000001C
:10DA90000000000061800067F807F98000618000E5
:10DAA00061800061800061800067F807F980006193
:10DAB0008000000000000000000001C0E003E0F072
:10DAC0000630080418081FFFFE040E080787F0033D
:10DAD00081E000000000000001F000060C000404DA
:10DAE00008060C7001F9C0000E00003BE000EC18C5
:10DAF000070808040C180003E00000000001E00023
:10DB000007F003F818041C0804170807E1D003C045
:10DB1000E00023B0003C08002008000010000000D6
:10DB20000000000100003100003200001C00000075
:10DB300000000000000000000000000000000000E5
:10DB400000000000000000000000000000000000D5
:10DB5000000000007F0001FFC00780F00C001810DB
:10DB6000000420000200000000000020000210005D
:10DB7000040C00180780F001FFC0007F00000000C7
:10DB80000000000000000000000000000000000095
:10DB90004200006600006600003C0000180003FF21
:10DBA000C0001800003C0000660000660000420053
:10DBB0000000000008000008000008000008000045
:10DBC000080001FFC000080000080000080000086D
:10DBD00000000800000000000001000031000032D9
:10DBE00000001C0000000000000000000000000019
:10DBF0000000000000000000000000000800000815
:10DC000000000800000800000800000800000800EC
:10DC100000080000080000080000000000000000EC
:10DC2000000000003800003800003800000000004C
:10DC300000000000000000000000000000000000E4
:10DC400000000000000600001C00007000018000C1
:10DC50000E0000380000C0000700001C000030006B
:10DC600000000000000000007F8001FFE0038070E2
:10DC7000060018040008040008060018038070015C
:10DC8000FFE0007F800000000000000000000100B5
:10DC90000801000801000803FFF807FFF80000086A
:10DCA0000000080000080000000000000000000163
:10DCB000C03802C058040098040118040218040473
:10DCC00018061C1803F81801E0F800000000000016
:10DCD00000000001C0E003C0F004000804080804CC
:10DCE000080806180803F41801E7F00001E0000036
:10DCF00000000000000000000300000D0000110003
:10DD000000610000810803010807FFF80FFFF80019
:10DD100001080001080000000000000000E007FC0E
:10DD2000D00608080610080610080610080618385D
:10DD3000060FF00607C00000000000000000000011
:10DD40003F8001FFE003843002081804100804102B
:10DD500008041008071810030FF00007C0000000A7
:10DD600000000000000003C00007000006000006DD
:10DD700000F80607F806180006E000070000060095
:10DD80000000000000000001E1E003F7F00634109D
:10DD9000041808041808040C08040C0806161803D4
:10DDA000F3F001C1E000000000000000F80003FCF7
:10DDB00030030638040208040208040208040410B0
:10DDC0000308F001FFC0007F000000000000000019
:10DDD000000000000000000000000000703800702B
:10DDE0003800703800000000000000000000000053
:10DDF0000000000000000000000000000000000023
:10DE0000301A00301C00000000000000000000007C
:10DE100000000000000000000000000800001400E6
:10DE20000022000041000080800100400200200428
:10DE30000010080008000000000000002100002180
:10DE4000000021000021000021000021000021002D
:10DE5000002100002100002100000000000000005F
:10DE600000000800080400100200200100400080AB
:10DE700080004100002200001400000800000000A3
:10DE800000000003C00004C00004000008003808BF
:10DE90000F380808380810000C300007E00003C0F5
:10DEA00000000000000000003F8000FFE0038070E1
:10DEB000020F1006708804C088048308047F88025B
:10DEC000C09003012000FE4000000800001800017F
:10DED000F8003E0801C20007020007E20000FE0051
:10DEE000001FC80001F800003800000804000807FF
:10DEF000FFF807FFF80408080408080408080408E5
:10DF00000806180803F41801E7F00001E00000001B
:10DF1000000000003F8001FFE00380700200180451
:10DF20000008040008040008040010060020078010
:10DF3000C000000004000807FFF807FFF80400080D
:10DF40000400080400080400180200100380700197
:10DF5000FFE0007F8000000004000807FFF807FFD3
:10DF6000F8040808040808040808040808043E081F
:10DF70000400080600180100600000000400080703
:10DF8000FFF807FFF8040808040800040800040864
:10DF900000043E00060000060000018000000000B2
:10DFA000000000003F8001FFE003807006001804BD
:10DFB00000080402080402080203F00783F00002CC
:10DFC0000000020004000807FFF807FFF804080833
:10DFD0000008000008000008000008000408080706
:10DFE000FFF807FFF804000800000000000004002C
:10DFF0000804000804000807FFF807FFF8040008F9
:10E0000004000804000800000000000000000000F8
:10E0100000060000070000010400010400010400E4
:10E020000307FFFE07FFFC040000040000040000DB
:10E0300004000807FFF807FFF8040C0800180000A8
:10E040003E0004C7800503C80600F8040038040039
:10E050001800000804000807FFF807FFF80400088C
:10E060000000080000080000080000080000080088
:10E07000001800006000000004000807FFF8078097
:10E080000807FC00007FC00003F80007C00078000C
:10E0900007800807FFF807FFF804000804000807D6
:10E0A000FFF807000803C00000E000003800001E71
:10E0B000000007000001C00400F007FFF8040000A2
:10E0C000000000007F8001FFE0038070060018045C
:10E0D000000804000806001803003001FFE0007F7C
:10E0E0008000000004000807FFF807FFF804040898
:10E0F000040400040400040400040400060C0003EB
:10E10000F80001F000000000000000007F8001FF27
:10E11000E00380700600880400880400C806003C04
:10E1200003003E01FFE6007F8400000004000807B2
:10E13000FFF807FFF8040808040800040C00040FA7
:10E1400000040BC00610F003F03801E008000008DE
:10E1500000000001E0F803F0300630100418080455
:10E160001808040C08040C080206180207F00781BE
:10E17000E000000001800006000004000004000030
:10E1800004000807FFF807FFF80400080400000473
:10E19000000006000001800004000007FFE007FF08
:10E1A000F004001800000800000800000800000843
:10E1B00000000804001007FFE0040000040000064F
:10E1C000000007E00007FE00041FE00001F8000067
:10E1D000380001E0043E0007C00006000004000013
:10E1E00004000007E00007FFC0041FF80007C00795
:10E1F000F80007FF80043FF80007C004F80007009C
:10E200000004000000000004000806001807C078A1
:10E2100005F1C8003E00001F800463E80780F8068F
:10E220000018040008000000040000060000078039
:10E230000007E008047C08001FF80007F800180831
:10E2400004E00807000006000004000000000001D0
:10E2500000080600380400F80403E8040F08047CF2
:10E260000805F00807C00807001804006000000057
:10E270000000000000000000000000000000003F5F
:10E28000FFFE2000022000022000022000022000E9
:10E29000020000000000000000000800000700006D
:10E2A00000C0000038000006000001C0000030007F
:10E2B000000E00000100000000000000000020002F
:10E2C000022000022000022000022000023FFFFE88
:10E2D000000000000000000000000000000000003E
:10E2E00000000000000800001000003000002000C6
:10E2F00000300000100000080000000000000000D6
:10E300000000010000010000010000010000010008
:10E3100000010000010000010000010000010000F8
:10E3200001000001000000000000000000200000CB
:10E33000200000100000100000000000000000009D
:10E3400000000000000000000000000000F00019C4
:10E35000F8001B18002208002608002408002410DA
:10E36000003FF8001FF8000008000018000000043B
:10E37000000007FFF80FFFF0001818001008002039
:10E3800008002008003018001FF0000FC000000037
:10E390000000000007C0001FF00018300020080037
:10E3A0002008002008003C08001C1000006000004D
:10E3B000000000000000000007C0001FF000381837
:10E3C00000200800200800200804101007FFF80FA4
:10E3D000FFF0000010000000000000000000000737
:10E3E000C0001FF00012300022180022080022088E
:10E3F000003208001E10000E200000000000000087
:10E40000200000200800200801FFF803FFF8062084
:10E410000804200804200807200003000000000072
:10E4200000000000000E000E6E001FF30031B1006E
:10E4300020B10020B1003191001F13002E1E0020DA
:10E440000E00300000000004000807FFF80FFFF87E
:10E45000001008002000002000002008003FF80005
:10E460001FF800000800000000000000000000206D
:10E4700008002008002008063FF8063FF8000008C2
:10E48000000008000008000000000000000000007C
:10E490000000000003000003002001002001002014
:10E4A00003063FFE063FFC000000000000000000E5
:10E4B00000000004000807FFF80FFFF800018800C3
:10E4C0000300002FC00038F80020380020080000AA
:10E4D000080000000000000000000400080400081C
:10E4E00004000807FFF80FFFF8000008000008000C
:10E4F0000008000000000000002008003FF8003F76
:10E50000F8001008002000003FF8003FF800100855
:10E51000002000003FF8003FF80000080000000065
:10E520002008003FF8003FF800100800100000200D
:10E5300000002008003FF8001FF80000080000005D
:10E540000000000007C0000FF00018300030080085
:10E550002008002008003008001830000FF00007E5
:10E56000C0000000000000002001003FFF003FFF4E
:10E570000010110020090020080020080030380099
:10E580001FF0000FC00000000000000007C0001FC7
:10E59000F0003818002008002008002009001011A1
:10E5A000001FFF003FFF00000100000000200800E6
:10E5B0002008002008003FF8003FF800080800107D
:10E5C000080020080020000030000030000000009B
:10E5D000000000000000000C78001E180033080046
:10E5E00023080021080021880021980030F000381D
:10E5F000600000000000000020000020000020005B
:10E6000000FFF003FFF800200800200800200800A9
:10E610000030000000000000000000002000003F6B
:10E62000F0007FF80000180000080000080020102B
:10E63000003FF8007FF00000100000000000000024
:10E640002000003000003C00003F800023F000006C
:10E6500078000070002380003C00003000002000A3
:10E66000002000003C00003FE00023F80000E00034
:10E670002700003E00003FE00021F80001E0003EDE
:10E6800000002000000000002008002008003838AA
:10E69000003E680027800003C8002CF800383800CE
:10E6A00020180020080000000000000020000030BA
:10E6B00003003C01003F830023EC00007000238036
:10E6C000003C0000200000200000000000000000CE
:10E6D00000000038080020380020F80023E8002F50
:10E6E00088003E0800380800201800007000000074
:10E6F000000000000000000000000000000000001A
:10E7000008000014001FF7FC300006200002000083
:10E7100000000000000000000000000000000000F9
:10E72000000000000000FFFFFF00000000000000EC
:10E7300000000000000000000000000000002000B9
:10E74000023000061FF7FC00140000080000000063
:10E7500000000000000000000000000000000018A1
:10E760000000600000400000400000200000100099
:10E77000000800000400000400000C00001000006D
:10E780004000800000010002000000000030F13D68
:10E790000070643E0000A33E0090CF3E0090F83E23
:10E7A00000400F3F00E0203F0000000015B7833716
:10E7B000CDE37B380EE1C53860F69138AF5F0F3896
:10E7C000E1BC3E3823F44739E8E7000800000020A8
:10E7D000300100004E0A0008FCE70008300100206C
:10E7E000008E0000848C00085142105201032A124E
:0CE7F0007A02B078023804D5AAAAAAAABE
:0400000508000131BD
:00000001FF
